Game Turn, Player, Regional Strength, Enemy Strength, Other Strength, Current Explorers, Desired Explorers
182, 1, 2005, 0, 0, 1:0, 1:3, NO_TECH
182, 2, 445, 0, 0, 2:0, 2:1, TECH_SATELLITES
182, 4, 75, 0, 820, 3:0, 1:3, TECH_ADVANCED_FLIGHT
182, 5, 150, 0, 0, 2:1, 1:3, TECH_ADVANCED_FLIGHT
182, 6, 320, 80, 0, 2:0, 1:3, TECH_ADVANCED_FLIGHT
182, 7, 155, 0, 0, 2:0, 1:3, TECH_REPLACEABLE_PARTS
182, 9, 0, 0, 0, 0:0, 0:1, NO_TECH
182, 10, 180, 0, 75, 0:0, 0:1, NO_TECH
182, 12, 95, 0, 86, 0:0, 0:1, NO_TECH
182, 14, 110, 0, 658, 0:0, 0:1, NO_TECH
182, 15, 96, 0, 98, 0:0, 0:1, NO_TECH
182, 16, 288, 0, 96, 0:0, 0:1, NO_TECH
182, 20, 103, 0, 158, 0:0, 0:1, NO_TECH
182, 21, 0, 0, 0, 0:0, 0:1, NO_TECH
182, 22, 103, 0, 86, 0:0, 0:1, TECH_ADVANCED_FLIGHT
182, 24, 0, 0, 48, 0:0, 0:1, NO_TECH
183, 0, 235, 0, 1616, 1:2, 1:3, TECH_ADVANCED_FLIGHT
183, 1, 2365, 0, 0, 1:0, 1:3, NO_TECH
183, 2, 445, 0, 0, 2:0, 2:1, TECH_SATELLITES
183, 4, 75, 0, 1090, 3:0, 1:3, TECH_ADVANCED_FLIGHT
183, 5, 225, 0, 80, 2:1, 1:3, TECH_ADVANCED_FLIGHT
183, 6, 320, 80, 0, 2:0, 1:3, TECH_ADVANCED_FLIGHT
183, 7, 155, 0, 0, 1:0, 1:3, TECH_REPLACEABLE_PARTS
183, 9, 0, 0, 0, 0:0, 0:1, NO_TECH
183, 10, 180, 0, 75, 0:0, 0:1, NO_TECH
183, 12, 95, 0, 83, 0:0, 0:1, NO_TECH
183, 14, 110, 0, 593, 0:0, 0:1, NO_TECH
183, 15, 96, 0, 103, 0:0, 0:1, NO_TECH
183, 16, 288, 0, 96, 0:0, 0:1, NO_TECH
183, 20, 103, 0, 110, 0:0, 0:1, NO_TECH
183, 21, 0, 0, 0, 0:0, 0:1, NO_TECH
183, 22, 103, 0, 126, 0:0, 0:1, NO_TECH
183, 24, 62, 0, 48, 0:0, 0:1, NO_TECH
184, 0, 235, 0, 1510, 2:2, 1:3, TECH_ADVANCED_FLIGHT
184, 1, 2365, 0, 0, 1:0, 1:3, NO_TECH
184, 2, 515, 0, 0, 2:0, 2:1, TECH_SATELLITES
184, 4, 75, 0, 850, 3:0, 1:3, TECH_SATELLITES
184, 5, 150, 0, 80, 2:2, 1:3, TECH_ADVANCED_FLIGHT
184, 6, 320, 80, 0, 2:0, 1:3, TECH_ADVANCED_FLIGHT
184, 7, 155, 0, 0, 2:0, 1:3, TECH_REPLACEABLE_PARTS
184, 9, 0, 0, 0, 0:0, 0:1, NO_TECH
184, 10, 180, 0, 75, 0:0, 0:1, NO_TECH
184, 12, 95, 0, 43, 0:0, 0:1, NO_TECH
184, 14, 110, 0, 658, 0:0, 0:1, NO_TECH
184, 15, 96, 0, 103, 0:0, 0:1, NO_TECH
184, 16, 343, 0, 96, 0:0, 0:1, NO_TECH
184, 20, 103, 0, 165, 0:0, 0:1, NO_TECH
184, 21, 0, 0, 0, 0:0, 0:1, NO_TECH
184, 22, 103, 0, 126, 0:0, 0:1, NO_TECH
184, 24, 55, 0, 48, 0:0, 0:1, NO_TECH
185, 0, 235, 0, 1595, 2:2, 1:3, TECH_ADVANCED_FLIGHT
185, 1, 1805, 0, 0, 1:0, 1:3, NO_TECH
185, 2, 355, 0, 65, 2:0, 2:1, TECH_SATELLITES
185, 4, 75, 0, 450, 5:0, 1:3, TECH_SATELLITES
185, 5, 225, 0, 80, 2:1, 1:3, TECH_ADVANCED_FLIGHT
185, 6, 400, 80, 0, 3:0, 1:3, TECH_ADVANCED_FLIGHT
185, 7, 155, 0, 75, 3:0, 1:3, TECH_REPLACEABLE_PARTS
185, 9, 0, 0, 0, 0:0, 0:1, NO_TECH
185, 10, 180, 0, 75, 0:0, 0:1, NO_TECH
185, 12, 95, 0, 86, 0:0, 0:1, NO_TECH
185, 14, 110, 0, 466, 0:0, 0:1, NO_TECH
185, 15, 96, 0, 103, 0:0, 0:1, NO_TECH
185, 16, 288, 0, 96, 0:0, 0:1, NO_TECH
185, 20, 103, 0, 165, 0:0, 0:1, NO_TECH
185, 21, 0, 0, 0, 0:0, 0:1, NO_TECH
185, 22, 103, 0, 86, 0:0, 0:1, NO_TECH
185, 24, 0, 0, 48, 0:0, 0:1, NO_TECH
186, 0, 235, 0, 1733, 2:2, 1:3, TECH_ADVANCED_FLIGHT
186, 1, 1485, 0, 0, 1:0, 1:3, NO_TECH
186, 2, 440, 0, 130, 2:0, 2:1, TECH_SATELLITES
186, 4, 0, 0, 540, 5:0, 1:3, TECH_SATELLITES
186, 5, 75, 0, 80, 1:0, 1:3, TECH_ADVANCED_FLIGHT
186, 6, 240, 80, 0, 3:0, 1:3, TECH_ADVANCED_FLIGHT
186, 7, 230, 0, 0, 2:0, 1:3, TECH_BALLISTICS
186, 9, 0, 0, 0, 0:0, 0:1, NO_TECH
186, 10, 180, 0, 75, 0:0, 0:1, NO_TECH
186, 12, 95, 0, 86, 0:0, 0:1, NO_TECH
186, 14, 110, 0, 401, 0:0, 0:1, NO_TECH
186, 15, 96, 0, 103, 0:0, 0:1, NO_TECH
186, 16, 245, 0, 96, 0:0, 0:1, NO_TECH
186, 20, 103, 0, 206, 0:0, 0:1, NO_TECH
186, 21, 0, 0, 0, 0:0, 0:1, NO_TECH
186, 22, 103, 0, 86, 0:0, 0:1, NO_TECH
186, 24, 0, 0, 48, 0:0, 0:1, NO_TECH
187, 0, 235, 0, 1671, 2:2, 1:3, TECH_ADVANCED_FLIGHT
187, 1, 1485, 0, 0, 1:0, 1:3, NO_TECH
187, 2, 510, 0, 130, 2:0, 2:1, TECH_SATELLITES
187, 4, 170, 0, 630, 4:0, 1:3, NO_TECH
187, 5, 75, 0, 80, 1:0, 1:3, TECH_ADVANCED_FLIGHT
187, 6, 320, 80, 0, 5:0, 1:3, TECH_ADVANCED_FLIGHT
187, 7, 230, 0, 0, 2:0, 1:3, TECH_BALLISTICS
187, 9, 0, 0, 0, 0:0, 0:1, NO_TECH
187, 10, 180, 0, 75, 0:0, 0:1, NO_TECH
187, 12, 95, 0, 86, 0:0, 0:1, NO_TECH
187, 14, 110, 0, 346, 0:0, 0:1, NO_TECH
187, 15, 96, 0, 90, 0:0, 0:1, NO_TECH
187, 16, 205, 0, 48, 0:0, 0:1, NO_TECH
187, 20, 103, 0, 103, 0:0, 0:1, NO_TECH
187, 21, 0, 0, 0, 0:0, 0:1, NO_TECH
187, 22, 103, 0, 86, 0:0, 0:1, NO_TECH
187, 24, 0, 0, 0, 0:0, 0:1, NO_TECH
188, 0, 235, 70, 1623, 2:2, 1:3, TECH_MILITARY_TACTICS
188, 1, 1485, 0, 0, 1:0, 1:3, TECH_STEALTH_TECHNOLOGY
188, 2, 645, 0, 130, 2:0, 2:1, TECH_BALLISTICS
188, 4, 170, 0, 630, 4:0, 1:3, NO_TECH
188, 5, 0, 0, 80, 2:0, 1:3, TECH_ADVANCED_FLIGHT
188, 6, 240, 160, 0, 6:0, 1:3, TECH_SATELLITES
188, 7, 155, 0, 0, 1:1, 1:3, TECH_BALLISTICS
188, 9, 0, 0, 0, 0:0, 0:1, NO_TECH
188, 10, 55, 0, 0, 0:0, 0:1, NO_TECH
188, 12, 95, 0, 123, 0:0, 0:1, NO_TECH
188, 14, 110, 0, 281, 0:0, 0:1, NO_TECH
188, 15, 96, 0, 90, 0:0, 0:1, NO_TECH
188, 16, 205, 0, 96, 0:0, 0:1, NO_TECH
188, 20, 103, 0, 206, 0:0, 0:1, NO_TECH
188, 21, 0, 0, 0, 0:0, 0:1, NO_TECH
188, 22, 103, 0, 123, 0:0, 0:1, NO_TECH
188, 24, 0, 0, 0, 0:0, 0:1, NO_TECH
189, 0, 235, 70, 1650, 2:2, 1:3, TECH_MILITARY_TACTICS
189, 1, 1485, 0, 85, 2:0, 1:3, TECH_STEALTH_TECHNOLOGY
189, 2, 815, 0, 130, 2:0, 2:1, TECH_BALLISTICS
189, 4, 255, 0, 630, 5:0, 1:3, NO_TECH
189, 5, 75, 0, 80, 2:0, 1:3, TECH_MILITARY_SCIENCE
189, 6, 320, 240, 0, 1:0, 1:3, TECH_SATELLITES
189, 7, 305, 0, 0, 1:0, 1:3, TECH_BALLISTICS
189, 9, 0, 0, 0, 0:0, 0:1, NO_TECH
189, 10, 110, 0, 0, 0:0, 0:1, NO_TECH
189, 12, 55, 0, 123, 0:0, 0:1, NO_TECH
189, 14, 110, 0, 183, 0:0, 0:1, NO_TECH
189, 15, 96, 0, 90, 0:0, 0:1, NO_TECH
189, 16, 303, 0, 48, 0:0, 0:1, NO_TECH
189, 20, 103, 0, 206, 0:0, 0:1, NO_TECH
189, 21, 0, 0, 0, 0:0, 0:1, NO_TECH
189, 22, 103, 0, 123, 0:0, 0:1, NO_TECH
189, 24, 0, 0, 0, 0:0, 0:1, NO_TECH
190, 0, 235, 70, 1594, 1:3, 1:3, TECH_MILITARY_TACTICS
190, 1, 1485, 0, 85, 1:0, 1:3, TECH_COMPOSITES
190, 2, 815, 70, 130, 2:0, 2:1, TECH_BALLISTICS
190, 4, 340, 0, 630, 5:0, 1:3, NO_TECH
190, 5, 75, 0, 80, 1:0, 1:3, NO_TECH
190, 6, 400, 80, 0, 1:0, 1:3, TECH_SATELLITES
190, 7, 230, 0, 75, 1:0, 1:3, TECH_REPLACEABLE_PARTS
190, 9, 0, 0, 0, 0:0, 0:1, NO_TECH
190, 10, 110, 0, 0, 0:0, 0:1, NO_TECH
190, 12, 55, 0, 123, 0:0, 0:1, NO_TECH
190, 14, 110, 0, 183, 0:0, 0:1, NO_TECH
190, 15, 96, 0, 146, 0:0, 0:1, NO_TECH
190, 16, 343, 0, 96, 0:0, 0:1, NO_TECH
190, 20, 103, 0, 158, 0:0, 0:1, NO_TECH
190, 21, 0, 0, 0, 0:0, 0:1, NO_TECH
190, 22, 103, 0, 123, 0:0, 0:1, NO_TECH
190, 24, 0, 0, 0, 0:0, 0:1, NO_TECH
191, 0, 235, 110, 1626, 1:3, 1:3, TECH_GUNPOWDER
191, 1, 1485, 0, 85, 1:0, 1:3, TECH_COMPOSITES
191, 2, 885, 70, 130, 2:0, 2:1, TECH_BALLISTICS
191, 4, 340, 0, 630, 5:0, 1:3, TECH_RIFLING
191, 5, 75, 0, 80, 1:1, 1:3, NO_TECH
191, 6, 320, 80, 0, 1:0, 1:3, TECH_SATELLITES
191, 7, 230, 0, 75, 1:0, 1:3, TECH_REPLACEABLE_PARTS
191, 9, 0, 0, 0, 0:0, 0:1, NO_TECH
191, 10, 235, 0, 0, 0:0, 0:1, NO_TECH
191, 12, 55, 0, 80, 0:0, 0:1, NO_TECH
191, 14, 110, 0, 173, 0:0, 0:1, NO_TECH
191, 15, 96, 0, 158, 0:0, 0:1, NO_TECH
191, 16, 303, 0, 48, 0:0, 0:1, NO_TECH
191, 20, 103, 0, 158, 0:0, 0:1, NO_TECH
191, 21, 0, 0, 0, 0:0, 0:1, NO_TECH
191, 22, 173, 0, 185, 0:0, 0:1, NO_TECH
191, 24, 0, 0, 70, 0:0, 0:1, NO_TECH
192, 0, 235, 110, 1564, 2:2, 1:3, TECH_GUNPOWDER
192, 1, 1485, 0, 170, 2:0, 1:3, TECH_COMPOSITES
192, 2, 880, 255, 130, 2:0, 2:1, TECH_BALLISTICS
192, 4, 510, 0, 540, 5:0, 1:3, TECH_STEEL
192, 5, 75, 0, 80, 1:0, 1:3, NO_TECH
192, 6, 320, 240, 0, 1:0, 1:3, TECH_SATELLITES
192, 7, 230, 0, 0, 1:0, 1:3, TECH_REPLACEABLE_PARTS
192, 9, 0, 0, 0, 0:0, 0:1, NO_TECH
192, 10, 180, 0, 0, 0:0, 0:1, NO_TECH
192, 12, 55, 0, 150, 0:0, 0:1, NO_TECH
192, 14, 110, 0, 173, 0:0, 0:1, NO_TECH
192, 15, 96, 0, 103, 0:0, 0:1, NO_TECH
192, 16, 190, 0, 48, 0:0, 0:1, NO_TECH
192, 20, 103, 0, 48, 0:0, 0:1, NO_TECH
192, 21, 0, 0, 0, 0:0, 0:1, NO_TECH
192, 22, 173, 0, 255, 0:0, 0:1, NO_TECH
192, 24, 62, 0, 140, 0:0, 0:1, NO_TECH
193, 0, 235, 110, 1680, 1:2, 1:3, TECH_GUNPOWDER
193, 1, 1485, 0, 170, 1:0, 1:3, TECH_GUIDANCE_SYSTEMS
193, 2, 950, 255, 130, 3:0, 2:1, TECH_BALLISTICS
193, 4, 935, 85, 540, 9:0, 1:3, TECH_STEEL
193, 5, 0, 0, 80, 1:0, 1:3, NO_TECH
193, 6, 400, 85, 0, 1:0, 1:3, TECH_MILITARY_SCIENCE
193, 7, 230, 0, 0, 1:1, 1:3, TECH_REPLACEABLE_PARTS
193, 9, 0, 0, 0, 0:0, 0:1, NO_TECH
193, 10, 180, 0, 0, 0:0, 0:1, NO_TECH
193, 12, 55, 0, 110, 0:0, 0:1, NO_TECH
193, 14, 110, 0, 253, 0:0, 0:1, NO_TECH
193, 15, 96, 0, 48, 0:0, 0:1, NO_TECH
193, 16, 205, 0, 62, 0:0, 0:1, NO_TECH
193, 20, 103, 0, 48, 0:0, 0:1, NO_TECH
193, 21, 0, 0, 0, 0:0, 0:1, NO_TECH
193, 22, 173, 0, 215, 0:0, 0:1, NO_TECH
193, 24, 62, 0, 210, 0:0, 0:1, NO_TECH
194, 0, 235, 40, 1783, 1:2, 1:3, TECH_METAL_CASTING
194, 1, 1485, 0, 255, 1:0, 1:3, TECH_GUIDANCE_SYSTEMS
194, 2, 1035, 255, 215, 4:0, 2:1, TECH_BALLISTICS
194, 4, 1020, 85, 540, 9:0, 1:3, TECH_COMBUSTION
194, 5, 0, 0, 80, 1:1, 1:3, TECH_SATELLITES
194, 6, 320, 85, 0, 1:0, 1:3, TECH_MILITARY_SCIENCE
194, 7, 155, 0, 0, 1:0, 1:3, TECH_REPLACEABLE_PARTS
194, 9, 0, 0, 0, 0:0, 0:1, NO_TECH
194, 10, 180, 0, 0, 0:0, 0:1, NO_TECH
194, 12, 55, 0, 118, 0:0, 0:1, NO_TECH
194, 14, 110, 0, 253, 0:0, 0:1, NO_TECH
194, 15, 96, 0, 0, 0:0, 0:1, NO_TECH
194, 16, 190, 0, 147, 0:0, 0:1, NO_TECH
194, 20, 55, 0, 158, 0:0, 0:1, NO_TECH
194, 21, 0, 0, 0, 0:0, 0:1, NO_TECH
194, 22, 173, 0, 201, 0:0, 0:1, NO_TECH
194, 24, 62, 0, 140, 0:0, 0:1, NO_TECH
195, 0, 235, 40, 1658, 1:2, 1:3, TECH_METAL_CASTING
195, 1, 1400, 0, 170, 1:0, 1:3, NO_TECH
195, 2, 775, 255, 85, 3:0, 2:1, TECH_BALLISTICS
195, 4, 1105, 85, 540, 9:0, 1:3, TECH_COMBUSTION
195, 5, 75, 0, 80, 1:0, 1:3, TECH_SATELLITES
195, 6, 485, 85, 0, 2:0, 1:3, TECH_MILITARY_SCIENCE
195, 7, 230, 0, 0, 1:0, 1:3, TECH_REPLACEABLE_PARTS
195, 9, 0, 0, 0, 0:0, 0:1, NO_TECH
195, 10, 180, 0, 0, 0:0, 0:1, NO_TECH
195, 12, 55, 0, 166, 0:0, 0:1, NO_TECH
195, 14, 110, 198, 48, 0:0, 0:1, NO_TECH
195, 15, 125, 0, 80, 0:0, 0:1, NO_TECH
195, 16, 150, 0, 195, 0:0, 0:1, NO_TECH
195, 20, 55, 0, 261, 0:0, 0:1, NO_TECH
195, 21, 0, 0, 0, 0:0, 0:1, NO_TECH
195, 22, 173, 0, 249, 0:0, 0:1, NO_TECH
195, 24, 62, 0, 140, 0:0, 0:1, NO_TECH
196, 0, 235, 40, 1701, 1:2, 1:3, TECH_METAL_CASTING
196, 1, 1400, 0, 255, 1:0, 1:3, NO_TECH
196, 2, 855, 170, 85, 3:0, 2:1, TECH_BALLISTICS
196, 4, 935, 0, 630, 9:0, 1:3, TECH_ADVANCED_BALLISTICS
196, 5, 0, 0, 80, 1:0, 1:3, TECH_SATELLITES
196, 6, 490, 0, 85, 3:0, 1:3, TECH_MILITARY_SCIENCE
196, 7, 305, 0, 70, 1:0, 1:3, TECH_REPLACEABLE_PARTS
196, 9, 0, 0, 0, 0:0, 0:1, NO_TECH
196, 10, 110, 0, 0, 0:0, 0:1, NO_TECH
196, 12, 55, 0, 166, 0:0, 0:1, NO_TECH
196, 14, 195, 253, 48, 0:0, 0:1, NO_TECH
196, 15, 125, 0, 250, 0:0, 0:1, NO_TECH
196, 16, 233, 0, 280, 0:0, 0:1, NO_TECH
196, 20, 55, 0, 381, 0:0, 0:1, NO_TECH
196, 21, 0, 0, 0, 0:0, 0:1, NO_TECH
196, 22, 173, 0, 249, 0:0, 0:1, NO_TECH
196, 24, 62, 0, 140, 0:0, 0:1, NO_TECH
197, 0, 235, 40, 1726, 1:2, 1:3, TECH_METAL_CASTING
197, 1, 1400, 0, 85, 1:0, 1:3, NO_TECH
197, 2, 855, 85, 85, 2:0, 2:1, TECH_BALLISTICS
197, 4, 1020, 0, 715, 8:0, 1:3, TECH_ADVANCED_BALLISTICS
197, 5, 235, 0, 80, 1:0, 1:3, TECH_SATELLITES
197, 6, 570, 80, 85, 3:0, 1:3, TECH_RIFLING
197, 7, 230, 0, 160, 1:0, 1:3, TECH_REPLACEABLE_PARTS
197, 9, 0, 0, 0, 0:0, 0:1, NO_TECH
197, 10, 165, 0, 0, 0:0, 0:1, NO_TECH
197, 12, 55, 0, 214, 0:0, 0:1, NO_TECH
197, 14, 195, 233, 0, 0:0, 0:1, NO_TECH
197, 15, 125, 0, 250, 0:0, 0:1, NO_TECH
197, 16, 248, 0, 313, 0:0, 0:1, NO_TECH
197, 20, 55, 0, 326, 0:0, 0:1, NO_TECH
197, 21, 0, 0, 0, 0:0, 0:1, NO_TECH
197, 22, 173, 0, 249, 0:0, 0:1, NO_TECH
197, 24, 62, 0, 210, 0:0, 0:1, NO_TECH
198, 0, 235, 40, 1584, 1:2, 1:3, TECH_METAL_CASTING
198, 1, 900, 0, 0, 2:0, 1:3, NO_TECH
198, 2, 855, 70, 85, 2:0, 2:1, TECH_BALLISTICS
198, 4, 1190, 0, 800, 6:0, 1:3, TECH_ADVANCED_BALLISTICS
198, 5, 235, 0, 80, 1:0, 1:3, TECH_SATELLITES
198, 6, 570, 80, 85, 3:0, 1:3, TECH_RIFLING
198, 7, 155, 0, 160, 1:0, 1:3, TECH_REPLACEABLE_PARTS
198, 9, 0, 0, 0, 0:0, 0:1, NO_TECH
198, 10, 110, 0, 0, 0:0, 0:1, NO_TECH
198, 12, 180, 0, 300, 0:0, 0:1, NO_TECH
198, 14, 195, 233, 0, 0:0, 0:1, NO_TECH
198, 15, 125, 0, 250, 0:0, 0:1, NO_TECH
198, 16, 288, 0, 188, 0:0, 0:1, NO_TECH
198, 20, 103, 0, 285, 0:0, 0:1, NO_TECH
198, 21, 0, 0, 0, 0:0, 0:1, NO_TECH
198, 22, 173, 0, 249, 0:0, 0:1, NO_TECH
198, 24, 137, 0, 202, 0:0, 0:1, NO_TECH
199, 0, 235, 40, 1650, 1:2, 1:3, TECH_BALLISTICS
199, 1, 990, 0, 0, 1:0, 1:3, NO_TECH
199, 2, 855, 70, 245, 2:0, 2:1, TECH_BALLISTICS
199, 4, 1190, 0, 800, 7:0, 1:3, TECH_ADVANCED_BALLISTICS
199, 5, 310, 0, 80, 1:0, 1:3, NO_TECH
199, 6, 570, 240, 170, 2:0, 1:3, TECH_RIFLING
199, 7, 230, 0, 160, 1:0, 1:3, TECH_REPLACEABLE_PARTS
199, 9, 0, 0, 0, 0:0, 0:1, NO_TECH
199, 10, 110, 0, 0, 0:0, 0:1, NO_TECH
199, 12, 220, 0, 297, 0:0, 0:1, NO_TECH
199, 14, 195, 233, 0, 0:0, 0:1, NO_TECH
199, 15, 125, 0, 305, 0:0, 0:1, NO_TECH
199, 16, 358, 0, 140, 0:0, 0:1, NO_TECH
199, 20, 103, 0, 340, 0:0, 0:1, NO_TECH
199, 21, 0, 0, 0, 0:0, 0:1, NO_TECH
199, 22, 70, 0, 70, 0:0, 0:1, NO_TECH
199, 24, 137, 0, 202, 0:0, 0:1, NO_TECH
200, 0, 235, 0, 1497, 1:2, 1:3, TECH_BALLISTICS
200, 1, 900, 0, 0, 1:0, 1:3, NO_TECH
200, 2, 785, 70, 245, 2:0, 2:1, TECH_BALLISTICS
200, 4, 1360, 0, 800, 5:0, 1:3, TECH_ADVANCED_BALLISTICS
200, 5, 575, 0, 80, 6:0, 1:3, NO_TECH
200, 6, 575, 160, 170, 3:0, 1:3, TECH_STEEL
200, 7, 230, 0, 160, 2:0, 1:3, TECH_REPLACEABLE_PARTS
200, 9, 0, 0, 0, 0:0, 0:1, NO_TECH
200, 10, 110, 0, 0, 0:0, 0:1, NO_TECH
200, 12, 220, 0, 297, 0:0, 0:1, NO_TECH
200, 14, 195, 233, 85, 0:0, 0:1, NO_TECH
200, 15, 125, 0, 305, 0:0, 0:1, NO_TECH
200, 16, 193, 0, 85, 0:0, 0:1, NO_TECH
200, 20, 103, 0, 295, 0:0, 0:1, NO_TECH
200, 21, 0, 0, 0, 0:0, 0:1, NO_TECH
200, 22, 70, 0, 70, 0:0, 0:1, NO_TECH
200, 24, 137, 0, 132, 0:0, 0:1, NO_TECH
201, 0, 235, 0, 1413, 1:2, 1:3, TECH_BALLISTICS
201, 1, 900, 0, 0, 1:0, 1:3, NO_TECH
201, 2, 785, 70, 160, 2:0, 2:1, TECH_BALLISTICS
201, 4, 1275, 0, 530, 5:0, 1:3, TECH_ADVANCED_BALLISTICS
201, 5, 595, 0, 0, 8:0, 1:3, TECH_RIFLING
201, 6, 655, 325, 90, 3:0, 1:3, TECH_STEEL
201, 7, 230, 0, 160, 2:0, 1:3, TECH_REPLACEABLE_PARTS
201, 9, 0, 0, 85, 0:0, 0:1, NO_TECH
201, 10, 110, 0, 0, 0:0, 0:1, NO_TECH
201, 12, 220, 0, 297, 0:0, 0:1, NO_TECH
201, 14, 195, 233, 85, 0:0, 0:1, TECH_RIFLING
201, 15, 125, 0, 305, 0:0, 0:1, NO_TECH
201, 16, 343, 0, 85, 0:0, 0:1, NO_TECH
201, 20, 103, 0, 240, 0:0, 0:1, NO_TECH
201, 21, 0, 0, 0, 0:0, 0:1, NO_TECH
201, 22, 70, 0, 70, 0:0, 0:1, NO_TECH
201, 24, 137, 0, 70, 0:0, 0:1, NO_TECH
202, 0, 235, 0, 1443, 1:2, 1:3, TECH_BALLISTICS
202, 1, 900, 0, 0, 2:0, 1:3, NO_TECH
202, 2, 255, 85, 175, 3:0, 2:1, TECH_BALLISTICS
202, 4, 1190, 0, 530, 2:0, 1:3, TECH_SYNTHETIC_MATERIALS
202, 5, 595, 0, 0, 8:0, 1:3, TECH_RIFLING
202, 6, 740, 245, 90, 4:0, 1:3, TECH_COMBUSTION
202, 7, 230, 0, 240, 2:0, 1:3, TECH_REPLACEABLE_PARTS
202, 9, 0, 0, 85, 0:0, 0:1, NO_TECH
202, 10, 110, 0, 0, 0:0, 0:1, NO_TECH
202, 12, 220, 0, 297, 0:0, 0:1, NO_TECH
202, 14, 195, 178, 85, 0:0, 0:1, TECH_RIFLING
202, 15, 125, 0, 305, 0:0, 0:1, NO_TECH
202, 16, 300, 0, 48, 0:0, 0:1, NO_TECH
202, 20, 103, 0, 240, 0:0, 0:1, NO_TECH
202, 21, 0, 0, 0, 0:0, 0:1, NO_TECH
202, 22, 70, 0, 70, 0:0, 0:1, NO_TECH
202, 24, 137, 0, 0, 0:0, 0:1, NO_TECH
203, 0, 235, 0, 1260, 1:2, 1:3, TECH_BALLISTICS
203, 1, 900, 0, 0, 1:0, 1:3, NO_TECH
203, 2, 255, 85, 90, 2:0, 2:1, TECH_RIFLING
203, 4, 935, 0, 445, 2:0, 1:3, TECH_SYNTHETIC_MATERIALS
203, 5, 595, 0, 0, 8:0, 1:3, TECH_STEEL
203, 6, 580, 165, 90, 4:0, 1:3, TECH_COMBUSTION
203, 7, 300, 0, 240, 1:0, 1:3, TECH_REPLACEABLE_PARTS
203, 9, 0, 0, 85, 0:0, 0:1, NO_TECH
203, 10, 180, 0, 0, 0:0, 0:1, NO_TECH
203, 12, 220, 0, 297, 0:0, 0:1, NO_TECH
203, 14, 195, 178, 85, 0:0, 0:1, TECH_STEEL
203, 15, 125, 0, 255, 0:0, 0:1, NO_TECH
203, 16, 288, 0, 85, 0:0, 0:1, NO_TECH
203, 20, 103, 0, 350, 0:0, 0:1, NO_TECH
203, 21, 0, 0, 0, 0:0, 0:1, NO_TECH
203, 22, 70, 0, 70, 0:0, 0:1, NO_TECH
203, 24, 75, 0, 0, 0:0, 0:1, NO_TECH
204, 0, 235, 0, 1527, 1:2, 1:3, TECH_BALLISTICS
204, 1, 990, 0, 0, 2:0, 1:3, NO_TECH
204, 2, 255, 85, 175, 2:0, 2:1, TECH_RIFLING
204, 4, 850, 0, 535, 1:0, 1:3, TECH_GUIDANCE_SYSTEMS
204, 5, 595, 0, 0, 7:0, 1:3, TECH_STEEL
204, 6, 660, 245, 90, 3:0, 1:3, TECH_COMBUSTION
204, 7, 370, 0, 240, 2:0, 1:3, TECH_REPLACEABLE_PARTS
204, 9, 0, 0, 0, 0:0, 0:1, NO_TECH
204, 10, 180, 0, 0, 0:0, 0:1, NO_TECH
204, 12, 220, 0, 297, 0:0, 0:1, NO_TECH
204, 14, 140, 298, 85, 0:0, 0:1, TECH_STEEL
204, 15, 125, 0, 90, 0:0, 0:1, NO_TECH
204, 16, 193, 0, 170, 0:0, 0:1, NO_TECH
204, 20, 103, 0, 398, 0:0, 0:1, NO_TECH
204, 21, 0, 0, 0, 0:0, 0:1, NO_TECH
204, 22, 70, 0, 70, 0:0, 0:1, NO_TECH
204, 24, 75, 0, 0, 0:0, 0:1, NO_TECH
205, 0, 235, 0, 1460, 1:2, 1:3, TECH_BALLISTICS
205, 1, 1080, 0, 0, 2:0, 1:3, NO_TECH
205, 2, 255, 85, 175, 2:0, 2:1, TECH_RIFLING
205, 4, 1020, 0, 625, 2:0, 1:3, TECH_GUIDANCE_SYSTEMS
205, 5, 680, 0, 0, 5:0, 1:3, TECH_STEEL
205, 6, 660, 245, 90, 3:0, 1:3, NO_TECH
205, 7, 370, 0, 240, 2:0, 1:3, TECH_SATELLITES
205, 9, 0, 0, 0, 0:0, 0:1, NO_TECH
205, 10, 125, 0, 0, 0:0, 0:1, NO_TECH
205, 12, 220, 0, 297, 0:0, 0:1, NO_TECH
205, 14, 140, 298, 85, 0:0, 0:1, TECH_STEEL
205, 15, 125, 0, 110, 0:0, 0:1, NO_TECH
205, 16, 233, 0, 207, 0:0, 0:1, NO_TECH
205, 20, 103, 0, 453, 0:0, 0:1, NO_TECH
205, 21, 0, 0, 0, 0:0, 0:1, NO_TECH
205, 22, 70, 0, 70, 0:0, 0:1, NO_TECH
205, 24, 137, 0, 0, 0:0, 0:1, NO_TECH
206, 0, 235, 0, 1520, 1:2, 1:3, TECH_MILITARY_SCIENCE
206, 1, 1080, 0, 0, 2:0, 1:3, NO_TECH
206, 2, 255, 170, 175, 2:0, 2:1, TECH_RIFLING
206, 4, 1105, 0, 540, 1:0, 1:3, TECH_GUIDANCE_SYSTEMS
206, 5, 850, 0, 0, 7:0, 1:3, TECH_ADVANCED_BALLISTICS
206, 6, 745, 245, 90, 4:0, 1:3, NO_TECH
206, 7, 155, 0, 240, 1:0, 1:3, TECH_SATELLITES
206, 9, 0, 0, 0, 0:0, 0:1, NO_TECH
206, 10, 125, 0, 0, 0:0, 0:1, NO_TECH
206, 12, 180, 0, 297, 0:0, 0:1, NO_TECH
206, 14, 140, 298, 0, 0:0, 0:1, TECH_STEEL
206, 15, 125, 0, 175, 0:0, 0:1, NO_TECH
206, 16, 153, 0, 292, 0:0, 0:1, NO_TECH
206, 20, 103, 0, 453, 0:0, 0:1, NO_TECH
206, 21, 0, 0, 0, 0:0, 0:1, NO_TECH
206, 22, 70, 0, 70, 0:0, 0:1, NO_TECH
206, 24, 137, 0, 0, 0:0, 0:1, NO_TECH
207, 0, 235, 0, 1367, 1:2, 1:3, TECH_MILITARY_SCIENCE
207, 1, 1080, 0, 0, 1:0, 1:3, NO_TECH
207, 2, 255, 170, 260, 2:0, 2:1, TECH_RIFLING
207, 4, 1190, 0, 360, 3:0, 1:3, TECH_GUIDANCE_SYSTEMS
207, 5, 1020, 0, 0, 9:0, 1:3, TECH_ADVANCED_BALLISTICS
207, 6, 660, 245, 90, 3:0, 1:3, NO_TECH
207, 7, 155, 0, 325, 1:0, 1:3, TECH_SATELLITES
207, 9, 0, 0, 0, 0:0, 0:1, NO_TECH
207, 10, 70, 0, 0, 0:0, 0:1, NO_TECH
207, 12, 180, 0, 297, 0:0, 0:1, NO_TECH
207, 14, 140, 238, 0, 0:0, 0:1, TECH_COMBUSTION
207, 15, 125, 0, 175, 0:0, 0:1, NO_TECH
207, 16, 85, 0, 170, 0:0, 0:1, NO_TECH
207, 20, 103, 0, 295, 0:0, 0:1, NO_TECH
207, 21, 0, 0, 0, 0:0, 0:1, NO_TECH
207, 22, 155, 0, 130, 0:0, 0:1, NO_TECH
207, 24, 137, 0, 0, 0:0, 0:1, NO_TECH
208, 0, 235, 0, 1595, 1:2, 1:3, TECH_MILITARY_SCIENCE
208, 1, 1080, 0, 0, 2:0, 1:3, NO_TECH
208, 2, 255, 85, 260, 2:0, 2:1, TECH_RIFLING
208, 4, 1105, 0, 360, 4:1, 1:3, TECH_LASERS
208, 5, 1020, 0, 0, 6:0, 1:3, TECH_ADVANCED_BALLISTICS
208, 6, 825, 405, 90, 4:0, 1:3, NO_TECH
208, 7, 155, 0, 240, 1:0, 1:3, TECH_SATELLITES
208, 9, 0, 0, 0, 0:0, 0:1, NO_TECH
208, 10, 70, 0, 0, 0:0, 0:1, NO_TECH
208, 12, 85, 0, 70, 0:0, 0:1, NO_TECH
208, 14, 140, 238, 0, 0:0, 0:1, TECH_COMBUSTION
208, 15, 125, 0, 175, 0:0, 0:1, NO_TECH
208, 16, 85, 0, 170, 0:0, 0:1, NO_TECH
208, 20, 103, 0, 240, 0:0, 0:1, NO_TECH
208, 21, 0, 0, 0, 0:0, 0:1, NO_TECH
208, 22, 155, 0, 130, 0:0, 0:1, NO_TECH
208, 24, 137, 0, 0, 0:0, 0:1, NO_TECH
209, 0, 235, 0, 1650, 1:2, 1:3, TECH_MILITARY_SCIENCE
209, 1, 1080, 0, 0, 2:0, 1:3, NO_TECH
209, 2, 255, 85, 260, 2:0, 2:1, TECH_RIFLING
209, 4, 1190, 0, 360, 3:1, 1:3, TECH_LASERS
209, 5, 935, 0, 0, 6:0, 1:3, TECH_ADVANCED_BALLISTICS
209, 6, 745, 485, 90, 4:0, 1:3, NO_TECH
209, 7, 155, 0, 240, 1:0, 1:3, NO_TECH
209, 9, 0, 0, 85, 0:0, 0:1, NO_TECH
209, 10, 70, 0, 0, 0:0, 0:1, NO_TECH
209, 12, 170, 0, 70, 0:0, 0:1, NO_TECH
209, 14, 140, 178, 0, 0:0, 0:1, TECH_COMBUSTION
209, 15, 125, 0, 175, 0:0, 0:1, NO_TECH
209, 16, 85, 0, 170, 0:0, 0:1, NO_TECH
209, 20, 103, 0, 240, 0:0, 0:1, NO_TECH
209, 21, 0, 0, 0, 0:0, 0:1, NO_TECH
209, 22, 155, 0, 130, 0:0, 0:1, NO_TECH
209, 24, 137, 0, 0, 0:0, 0:1, NO_TECH
210, 0, 235, 0, 1775, 1:2, 1:3, TECH_RIFLING
210, 1, 1080, 0, 0, 2:0, 1:3, NO_TECH
210, 2, 255, 85, 175, 2:0, 2:1, TECH_RIFLING
210, 4, 1105, 0, 450, 3:1, 1:3, TECH_LASERS
210, 5, 935, 0, 0, 4:0, 1:3, TECH_GUIDANCE_SYSTEMS
210, 6, 825, 565, 90, 3:0, 1:3, NO_TECH
210, 7, 240, 0, 240, 2:0, 1:3, TECH_MACHINERY
210, 9, 0, 0, 0, 0:0, 0:1, NO_TECH
210, 10, 70, 0, 0, 0:0, 0:1, NO_TECH
210, 12, 170, 0, 70, 0:0, 0:1, NO_TECH
210, 14, 140, 178, 0, 0:0, 0:1, TECH_COMBUSTION
210, 15, 125, 0, 180, 0:0, 0:1, NO_TECH
210, 16, 170, 0, 170, 0:0, 0:1, NO_TECH
210, 20, 103, 0, 240, 0:0, 0:1, NO_TECH
210, 21, 0, 0, 0, 0:0, 0:1, NO_TECH
210, 22, 155, 0, 190, 0:0, 0:1, NO_TECH
210, 24, 137, 0, 0, 0:0, 0:1, NO_TECH
211, 0, 235, 0, 1698, 1:2, 1:3, TECH_RIFLING
211, 1, 1080, 0, 0, 2:0, 1:3, NO_TECH
211, 2, 255, 85, 175, 2:0, 2:1, TECH_RIFLING
211, 4, 1275, 0, 360, 3:0, 1:3, TECH_LASERS
211, 5, 1020, 0, 0, 3:0, 1:3, TECH_GUIDANCE_SYSTEMS
211, 6, 825, 485, 90, 3:0, 1:3, TECH_SYNTHETIC_MATERIALS
211, 7, 240, 0, 240, 2:1, 1:3, NO_TECH
211, 9, 0, 0, 85, 0:0, 0:1, NO_TECH
211, 10, 70, 0, 0, 0:0, 0:1, NO_TECH
211, 12, 170, 0, 155, 0:0, 0:1, NO_TECH
211, 14, 140, 130, 0, 0:0, 0:1, TECH_COMBUSTION
211, 15, 125, 0, 180, 0:0, 0:1, NO_TECH
211, 16, 255, 0, 170, 0:0, 0:1, NO_TECH
211, 20, 103, 0, 350, 0:0, 0:1, NO_TECH
211, 21, 0, 0, 0, 0:0, 0:1, NO_TECH
211, 22, 155, 0, 265, 0:0, 0:1, NO_TECH
211, 24, 137, 0, 170, 0:0, 0:1, NO_TECH
212, 0, 235, 0, 1595, 1:2, 1:3, TECH_STEEL
212, 1, 1080, 0, 0, 2:0, 1:3, NO_TECH
212, 2, 255, 170, 175, 2:0, 2:1, TECH_RIFLING
212, 4, 1360, 0, 360, 3:0, 1:3, TECH_LASERS
212, 5, 935, 0, 85, 3:0, 1:3, TECH_GUIDANCE_SYSTEMS
212, 6, 910, 405, 90, 4:0, 1:3, TECH_SYNTHETIC_MATERIALS
212, 7, 240, 0, 240, 2:0, 1:3, TECH_MILITARY_SCIENCE
212, 9, 0, 0, 170, 0:0, 0:1, NO_TECH
212, 10, 125, 0, 0, 0:0, 0:1, NO_TECH
212, 12, 170, 0, 230, 0:0, 0:1, NO_TECH
212, 14, 140, 130, 0, 0:0, 0:1, TECH_COMBUSTION
212, 15, 125, 0, 90, 0:0, 0:1, NO_TECH
212, 16, 170, 0, 255, 0:0, 0:1, NO_TECH
212, 20, 103, 0, 295, 0:0, 0:1, NO_TECH
212, 21, 0, 0, 0, 0:0, 0:1, NO_TECH
212, 22, 155, 0, 195, 0:0, 0:1, NO_TECH
212, 24, 137, 0, 170, 0:0, 0:1, NO_TECH
213, 0, 235, 0, 1793, 1:2, 1:3, TECH_STEEL
213, 1, 1170, 0, 0, 1:0, 1:3, NO_TECH
213, 2, 255, 170, 175, 2:0, 2:1, TECH_RIFLING
213, 4, 1445, 0, 360, 3:0, 1:3, TECH_GUIDANCE_SYSTEMS
213, 5, 680, 0, 85, 3:0, 1:3, TECH_GUIDANCE_SYSTEMS
213, 6, 910, 405, 90, 4:0, 1:3, TECH_SYNTHETIC_MATERIALS
213, 7, 240, 0, 240, 2:0, 1:3, NO_TECH
213, 9, 0, 0, 255, 0:0, 0:1, NO_TECH
213, 10, 125, 0, 0, 0:0, 0:1, NO_TECH
213, 12, 170, 0, 160, 0:0, 0:1, NO_TECH
213, 14, 140, 70, 0, 0:0, 0:1, TECH_COMBUSTION
213, 15, 125, 0, 55, 0:0, 0:1, NO_TECH
213, 16, 170, 0, 170, 0:0, 0:1, NO_TECH
213, 20, 103, 0, 295, 0:0, 0:1, NO_TECH
213, 21, 0, 0, 0, 0:0, 0:1, NO_TECH
213, 22, 155, 0, 135, 0:0, 0:1, NO_TECH
213, 24, 207, 0, 170, 0:0, 0:1, NO_TECH
214, 0, 235, 0, 1745, 1:2, 1:3, TECH_COMBUSTION
214, 1, 1170, 0, 0, 1:0, 1:3, NO_TECH
214, 2, 340, 170, 175, 2:0, 2:1, TECH_RIFLING
214, 4, 1275, 0, 360, 2:0, 1:3, TECH_GUIDANCE_SYSTEMS
214, 5, 765, 0, 85, 2:0, 1:3, TECH_COMBUSTION
214, 6, 990, 425, 170, 3:0, 1:3, TECH_SYNTHETIC_MATERIALS
214, 7, 325, 0, 240, 3:1, 1:3, NO_TECH
214, 9, 0, 0, 170, 0:0, 0:1, NO_TECH
214, 10, 125, 0, 120, 0:0, 0:1, NO_TECH
214, 12, 170, 0, 75, 0:0, 0:1, NO_TECH
214, 14, 140, 70, 0, 0:0, 0:1, TECH_COMBUSTION
214, 15, 125, 0, 175, 0:0, 0:1, NO_TECH
214, 16, 255, 0, 170, 0:0, 0:1, NO_TECH
214, 20, 103, 0, 470, 0:0, 0:1, NO_TECH
214, 21, 0, 0, 0, 0:0, 0:1, NO_TECH
214, 22, 155, 0, 0, 0:0, 0:1, NO_TECH
214, 24, 75, 0, 0, 0:0, 0:1, NO_TECH
215, 0, 235, 0, 1550, 1:2, 1:3, TECH_COMBUSTION
215, 1, 1170, 0, 0, 1:0, 1:3, NO_TECH
215, 2, 340, 170, 175, 2:0, 2:1, TECH_STEEL
215, 4, 1615, 0, 450, 2:0, 1:3, TECH_GUIDANCE_SYSTEMS
215, 5, 765, 0, 0, 2:0, 1:3, TECH_COMBUSTION
215, 6, 995, 490, 170, 4:0, 1:3, TECH_SYNTHETIC_MATERIALS
215, 7, 505, 0, 240, 3:0, 1:3, TECH_RIFLING
215, 9, 85, 0, 170, 0:0, 0:1, NO_TECH
215, 10, 210, 0, 260, 0:0, 0:1, NO_TECH
215, 12, 170, 0, 70, 0:0, 0:1, NO_TECH
215, 14, 140, 70, 0, 0:0, 0:1, TECH_COMBUSTION
215, 15, 85, 0, 0, 0:0, 0:1, NO_TECH
215, 16, 255, 0, 0, 0:0, 0:1, NO_TECH
215, 20, 103, 0, 360, 0:0, 0:1, NO_TECH
215, 21, 0, 0, 0, 0:0, 0:1, NO_TECH
215, 22, 155, 0, 0, 0:0, 0:1, NO_TECH
215, 24, 145, 0, 85, 0:0, 0:1, NO_TECH
216, 0, 235, 0, 1945, 1:2, 1:3, TECH_COMBUSTION
216, 1, 1260, 0, 0, 2:0, 1:3, NO_TECH
216, 2, 340, 255, 175, 2:0, 2:1, TECH_STEEL
216, 4, 1530, 0, 450, 2:0, 1:3, TECH_GUIDANCE_SYSTEMS
216, 5, 850, 0, 255, 2:1, 1:3, TECH_COMBUSTION
216, 6, 1160, 490, 170, 5:0, 1:3, TECH_SYNTHETIC_MATERIALS
216, 7, 590, 0, 240, 3:0, 1:3, TECH_RIFLING
216, 9, 85, 0, 170, 0:0, 0:1, NO_TECH
216, 10, 155, 0, 260, 0:0, 0:1, NO_TECH
216, 12, 170, 0, 70, 0:0, 0:1, NO_TECH
216, 14, 85, 70, 0, 0:0, 0:1, TECH_COMBUSTION
216, 15, 85, 0, 0, 0:0, 0:1, NO_TECH
216, 16, 255, 0, 0, 0:0, 0:1, NO_TECH
216, 20, 55, 0, 360, 0:0, 0:1, NO_TECH
216, 21, 0, 0, 0, 0:0, 0:1, NO_TECH
216, 22, 155, 0, 0, 0:0, 0:1, NO_TECH
216, 24, 207, 0, 170, 0:0, 0:1, NO_TECH
217, 0, 235, 0, 2111, 1:2, 1:3, TECH_COMBUSTION
217, 1, 1350, 0, 0, 3:0, 1:3, NO_TECH
217, 2, 340, 255, 175, 2:0, 2:1, TECH_STEEL
217, 4, 1615, 0, 450, 3:0, 1:3, TECH_STEALTH_TECHNOLOGY
217, 5, 850, 0, 255, 3:0, 1:3, TECH_COMBUSTION
217, 6, 990, 735, 90, 4:0, 1:3, TECH_STEALTH_TECHNOLOGY
217, 7, 590, 0, 325, 3:1, 1:3, TECH_STEEL
217, 9, 85, 0, 255, 0:0, 0:1, NO_TECH
217, 10, 210, 0, 140, 0:0, 0:1, NO_TECH
217, 12, 170, 0, 0, 0:0, 0:1, NO_TECH
217, 14, 85, 70, 0, 0:0, 0:1, TECH_COMBUSTION
217, 15, 85, 0, 0, 0:0, 0:1, NO_TECH
217, 16, 255, 0, 0, 0:0, 0:1, NO_TECH
217, 20, 55, 0, 250, 0:0, 0:1, NO_TECH
217, 21, 0, 0, 0, 0:0, 0:1, NO_TECH
217, 22, 155, 0, 0, 0:0, 0:1, NO_TECH
217, 24, 62, 0, 170, 0:0, 0:1, NO_TECH
218, 0, 235, 0, 2118, 1:2, 1:3, TECH_COMBUSTION
218, 1, 1350, 0, 0, 3:0, 1:3, NO_TECH
218, 2, 340, 255, 175, 2:0, 2:1, TECH_COMBUSTION
218, 4, 1450, 0, 360, 3:0, 1:3, TECH_STEALTH_TECHNOLOGY
218, 5, 1020, 0, 340, 3:1, 1:3, NO_TECH
218, 6, 990, 735, 90, 4:0, 1:3, TECH_STEALTH_TECHNOLOGY
218, 7, 845, 0, 240, 2:0, 1:3, TECH_STEEL
218, 9, 85, 0, 170, 0:0, 0:1, TECH_ADVANCED_BALLISTICS
218, 10, 140, 0, 75, 0:0, 0:1, NO_TECH
218, 12, 170, 0, 0, 0:0, 0:1, NO_TECH
218, 14, 85, 70, 0, 0:0, 0:1, NO_TECH
218, 15, 85, 0, 0, 0:0, 0:1, NO_TECH
218, 16, 255, 0, 0, 0:0, 0:1, NO_TECH
218, 20, 103, 0, 250, 0:0, 0:1, NO_TECH
218, 21, 0, 0, 0, 0:0, 0:1, NO_TECH
218, 22, 155, 0, 0, 0:0, 0:1, NO_TECH
218, 24, 0, 0, 85, 0:0, 0:1, NO_TECH
219, 0, 235, 0, 1859, 1:2, 1:3, TECH_COMBUSTION
219, 1, 1350, 0, 0, 3:0, 1:3, NO_TECH
219, 2, 340, 170, 175, 2:0, 2:1, TECH_COMBUSTION
219, 4, 1620, 0, 360, 3:0, 1:3, TECH_STEALTH_TECHNOLOGY
219, 5, 1020, 0, 340, 3:0, 1:3, NO_TECH
219, 6, 995, 655, 90, 5:0, 1:3, TECH_STEALTH_TECHNOLOGY
219, 7, 930, 0, 240, 2:0, 1:3, TECH_STEEL
219, 9, 0, 0, 170, 0:0, 0:1, TECH_ADVANCED_BALLISTICS
219, 10, 140, 0, 75, 0:0, 0:1, NO_TECH
219, 12, 85, 0, 0, 0:0, 0:1, NO_TECH
219, 14, 85, 70, 0, 0:0, 0:1, NO_TECH
219, 15, 85, 0, 85, 0:0, 0:1, NO_TECH
219, 16, 170, 0, 0, 0:0, 0:1, NO_TECH
219, 20, 80, 0, 85, 0:0, 0:1, NO_TECH
219, 21, 0, 0, 85, 0:0, 0:1, NO_TECH
219, 22, 155, 0, 0, 0:0, 0:1, NO_TECH
219, 24, 0, 0, 85, 0:0, 0:1, NO_TECH
220, 0, 235, 0, 1966, 1:2, 1:3, TECH_COMBUSTION
220, 1, 1350, 0, 0, 3:0, 1:3, NO_TECH
220, 2, 255, 170, 175, 2:0, 2:1, TECH_COMBUSTION
220, 4, 1795, 0, 360, 1:0, 1:3, TECH_STEALTH_TECHNOLOGY
220, 5, 1020, 0, 340, 3:0, 1:3, NO_TECH
220, 6, 1075, 575, 90, 5:0, 1:3, TECH_STEALTH_TECHNOLOGY
220, 7, 1015, 0, 240, 2:0, 1:3, TECH_COMBUSTION
220, 9, 170, 0, 425, 0:0, 0:1, TECH_ADVANCED_BALLISTICS
220, 10, 140, 0, 75, 0:0, 0:1, NO_TECH
220, 12, 0, 0, 0, 0:0, 0:1, NO_TECH
220, 14, 85, 70, 0, 0:0, 0:1, NO_TECH
220, 15, 85, 0, 85, 0:0, 0:1, NO_TECH
220, 16, 255, 0, 70, 0:0, 0:1, NO_TECH
220, 20, 80, 0, 85, 0:0, 0:1, NO_TECH
220, 21, 0, 0, 85, 0:0, 0:1, NO_TECH
220, 22, 155, 0, 0, 0:0, 0:1, NO_TECH
220, 24, 0, 0, 85, 0:0, 0:1, NO_TECH
221, 0, 235, 0, 1893, 1:2, 1:3, TECH_REPLACEABLE_PARTS
221, 1, 1440, 0, 90, 4:0, 1:3, NO_TECH
221, 2, 255, 170, 175, 2:0, 2:1, TECH_COMBUSTION
221, 4, 1720, 0, 360, 1:0, 1:3, TECH_STEALTH_TECHNOLOGY
221, 5, 850, 0, 510, 2:0, 1:3, TECH_SYNTHETIC_MATERIALS
221, 6, 1075, 575, 175, 5:0, 1:3, TECH_COMPOSITES
221, 7, 1015, 0, 320, 2:0, 1:3, TECH_COMBUSTION
221, 9, 85, 0, 255, 0:0, 0:1, TECH_SYNTHETIC_MATERIALS
221, 10, 140, 60, 0, 0:0, 0:1, TECH_SYNTHETIC_MATERIALS
221, 12, 0, 0, 0, 0:0, 0:1, NO_TECH
221, 14, 85, 70, 0, 0:0, 0:1, TECH_SYNTHETIC_MATERIALS
221, 15, 85, 0, 85, 0:0, 0:1, NO_TECH
221, 16, 340, 0, 70, 0:0, 0:1, NO_TECH
221, 20, 80, 0, 85, 0:0, 0:1, NO_TECH
221, 21, 0, 0, 85, 0:0, 0:1, NO_TECH
221, 22, 155, 0, 0, 0:0, 0:1, NO_TECH
221, 24, 0, 0, 0, 0:0, 0:1, NO_TECH
222, 0, 235, 60, 1983, 1:2, 1:3, TECH_REPLACEABLE_PARTS
222, 1, 1440, 0, 270, 2:0, 1:3, NO_TECH
222, 2, 255, 85, 175, 2:0, 2:1, TECH_COMBUSTION
222, 4, 2065, 0, 360, 1:0, 1:3, TECH_GUIDANCE_SYSTEMS
222, 5, 850, 0, 510, 2:0, 1:3, TECH_SYNTHETIC_MATERIALS
222, 6, 1155, 575, 260, 4:0, 1:3, TECH_COMPOSITES
222, 7, 1015, 0, 320, 2:0, 1:3, TECH_ADVANCED_BALLISTICS
222, 9, 0, 0, 255, 0:0, 0:1, TECH_SYNTHETIC_MATERIALS
222, 10, 195, 60, 70, 0:0, 0:1, TECH_SYNTHETIC_MATERIALS
222, 12, 0, 0, 0, 0:0, 0:1, NO_TECH
222, 14, 85, 70, 0, 0:0, 0:1, TECH_SYNTHETIC_MATERIALS
222, 15, 85, 0, 85, 0:0, 0:1, NO_TECH
222, 16, 255, 0, 150, 0:0, 0:1, NO_TECH
222, 20, 80, 0, 85, 0:0, 0:1, NO_TECH
222, 21, 0, 0, 85, 0:0, 0:1, NO_TECH
222, 22, 155, 0, 0, 0:0, 0:1, NO_TECH
222, 24, 0, 0, 85, 0:0, 0:1, NO_TECH
223, 0, 235, 60, 1873, 1:2, 1:3, TECH_REPLACEABLE_PARTS
223, 1, 1530, 0, 360, 2:0, 1:3, NO_TECH
223, 2, 255, 255, 175, 2:0, 2:1, TECH_COMBUSTION
223, 4, 2075, 0, 450, 1:0, 1:3, TECH_GUIDANCE_SYSTEMS
223, 5, 765, 0, 425, 2:0, 1:3, TECH_SYNTHETIC_MATERIALS
223, 6, 1075, 490, 170, 3:0, 1:3, TECH_COMPOSITES
223, 7, 930, 0, 320, 2:0, 1:3, TECH_ADVANCED_BALLISTICS
223, 9, 0, 0, 170, 0:0, 0:1, TECH_SYNTHETIC_MATERIALS
223, 10, 195, 60, 80, 0:0, 0:1, TECH_SYNTHETIC_MATERIALS
223, 12, 0, 0, 0, 0:0, 0:1, NO_TECH
223, 14, 85, 70, 0, 0:0, 0:1, TECH_SYNTHETIC_MATERIALS
223, 15, 85, 0, 85, 0:0, 0:1, NO_TECH
223, 16, 340, 0, 230, 0:0, 0:1, NO_TECH
223, 20, 165, 0, 85, 0:0, 0:1, NO_TECH
223, 21, 0, 0, 85, 0:0, 0:1, NO_TECH
223, 22, 155, 0, 0, 0:0, 0:1, NO_TECH
223, 24, 0, 0, 85, 0:0, 0:1, NO_TECH
224, 0, 235, 60, 1742, 1:2, 1:3, TECH_REPLACEABLE_PARTS
224, 1, 1530, 0, 630, 2:0, 1:3, NO_TECH
224, 2, 255, 255, 175, 2:0, 2:1, NO_TECH
224, 4, 2075, 0, 450, 1:0, 1:3, TECH_GUIDANCE_SYSTEMS
224, 5, 765, 0, 425, 2:0, 1:3, TECH_SYNTHETIC_MATERIALS
224, 6, 680, 255, 260, 2:0, 1:3, TECH_COMPOSITES
224, 7, 760, 0, 320, 2:0, 1:3, TECH_ADVANCED_BALLISTICS
224, 9, 0, 0, 255, 0:0, 0:1, TECH_SYNTHETIC_MATERIALS
224, 10, 195, 60, 80, 0:0, 0:1, TECH_SYNTHETIC_MATERIALS
224, 12, 0, 0, 0, 0:0, 0:1, NO_TECH
224, 14, 85, 70, 0, 0:0, 0:1, TECH_SYNTHETIC_MATERIALS
224, 15, 85, 0, 85, 0:0, 0:1, NO_TECH
224, 16, 340, 0, 150, 0:0, 0:1, NO_TECH
224, 20, 165, 0, 170, 0:0, 0:1, NO_TECH
224, 21, 0, 0, 85, 0:0, 0:1, NO_TECH
224, 22, 155, 0, 0, 0:0, 0:1, NO_TECH
224, 24, 0, 0, 85, 0:0, 0:1, NO_TECH
225, 0, 235, 60, 1757, 1:2, 1:3, TECH_REPLACEABLE_PARTS
225, 1, 1530, 0, 630, 1:0, 1:3, NO_TECH
225, 2, 255, 340, 175, 2:0, 2:1, NO_TECH
225, 4, 2505, 0, 540, 1:0, 1:3, TECH_GUIDANCE_SYSTEMS
225, 5, 1020, 0, 425, 2:1, 1:3, TECH_SYNTHETIC_MATERIALS
225, 6, 765, 255, 345, 3:0, 1:3, TECH_COMPOSITES
225, 7, 760, 0, 320, 2:0, 1:3, TECH_SYNTHETIC_MATERIALS
225, 9, 85, 0, 170, 0:0, 0:1, TECH_SYNTHETIC_MATERIALS
225, 10, 195, 60, 80, 0:0, 0:1, TECH_SYNTHETIC_MATERIALS
225, 12, 85, 0, 0, 0:0, 0:1, NO_TECH
225, 14, 85, 70, 0, 0:0, 0:1, TECH_SYNTHETIC_MATERIALS
225, 15, 85, 0, 90, 0:0, 0:1, NO_TECH
225, 16, 340, 0, 150, 0:0, 0:1, NO_TECH
225, 20, 165, 0, 170, 0:0, 0:1, NO_TECH
225, 21, 0, 0, 85, 0:0, 0:1, NO_TECH
225, 22, 155, 0, 0, 0:0, 0:1, NO_TECH
225, 24, 0, 0, 85, 0:0, 0:1, NO_TECH
226, 0, 235, 130, 1872, 1:2, 1:3, TECH_ADVANCED_BALLISTICS
226, 1, 1620, 0, 630, 2:0, 1:3, NO_TECH
226, 2, 255, 340, 175, 2:0, 2:1, NO_TECH
226, 4, 2330, 0, 450, 1:0, 1:3, TECH_GUIDANCE_SYSTEMS
226, 5, 1105, 0, 425, 2:0, 1:3, TECH_SYNTHETIC_MATERIALS
226, 6, 765, 255, 435, 3:0, 1:3, TECH_COMPOSITES
226, 7, 760, 0, 320, 2:0, 1:3, TECH_SYNTHETIC_MATERIALS
226, 9, 170, 0, 85, 0:0, 0:1, TECH_SYNTHETIC_MATERIALS
226, 10, 85, 0, 0, 0:0, 0:1, TECH_SYNTHETIC_MATERIALS
226, 12, 85, 0, 85, 0:0, 0:1, NO_TECH
226, 14, 170, 70, 0, 0:0, 0:1, TECH_SYNTHETIC_MATERIALS
226, 15, 85, 0, 90, 0:0, 0:1, NO_TECH
226, 16, 340, 0, 80, 0:0, 0:1, NO_TECH
226, 20, 165, 0, 170, 0:0, 0:1, NO_TECH
226, 21, 0, 0, 85, 0:0, 0:1, NO_TECH
226, 22, 155, 0, 85, 0:0, 0:1, NO_TECH
226, 24, 0, 0, 85, 0:0, 0:1, NO_TECH
227, 0, 235, 70, 1812, 1:2, 1:3, TECH_ADVANCED_BALLISTICS
227, 1, 1620, 0, 540, 2:0, 1:3, NO_TECH
227, 2, 255, 340, 175, 2:0, 2:1, NO_TECH
227, 4, 2420, 0, 450, 2:0, 1:3, TECH_GUIDANCE_SYSTEMS
227, 5, 1105, 0, 425, 2:0, 1:3, TECH_SYNTHETIC_MATERIALS
227, 6, 680, 170, 350, 3:0, 1:3, TECH_COMPOSITES
227, 7, 845, 0, 400, 2:0, 1:3, TECH_STEALTH_TECHNOLOGY
227, 9, 85, 0, 0, 0:0, 0:1, TECH_STEALTH_TECHNOLOGY
227, 10, 140, 0, 70, 0:0, 0:1, TECH_STEALTH_TECHNOLOGY
227, 12, 85, 0, 155, 0:0, 0:1, NO_TECH
227, 14, 170, 70, 0, 0:0, 0:1, TECH_STEALTH_TECHNOLOGY
227, 15, 85, 0, 90, 0:0, 0:1, NO_TECH
227, 16, 340, 0, 80, 0:0, 0:1, NO_TECH
227, 20, 165, 0, 85, 0:0, 0:1, NO_TECH
227, 21, 0, 0, 85, 0:0, 0:1, NO_TECH
227, 22, 155, 0, 85, 0:0, 0:1, NO_TECH
227, 24, 85, 0, 85, 0:0, 0:1, NO_TECH
228, 0, 235, 70, 1769, 1:2, 1:3, TECH_ADVANCED_BALLISTICS
228, 1, 1620, 0, 450, 2:0, 1:3, NO_TECH
228, 2, 170, 340, 175, 2:0, 2:1, TECH_SYNTHETIC_MATERIALS
228, 4, 2160, 0, 360, 1:0, 1:3, TECH_GUIDANCE_SYSTEMS
228, 5, 935, 0, 425, 1:0, 1:3, TECH_LASERS
228, 6, 680, 85, 180, 3:0, 1:3, TECH_COMPOSITES
228, 7, 930, 0, 400, 1:0, 1:3, TECH_STEALTH_TECHNOLOGY
228, 9, 85, 0, 80, 0:0, 0:1, TECH_STEALTH_TECHNOLOGY
228, 10, 140, 0, 75, 0:0, 0:1, TECH_STEALTH_TECHNOLOGY
228, 12, 85, 0, 155, 0:0, 0:1, NO_TECH
228, 14, 170, 155, 0, 0:0, 0:1, TECH_STEALTH_TECHNOLOGY
228, 15, 85, 0, 170, 0:0, 0:1, NO_TECH
228, 16, 340, 0, 0, 0:0, 0:1, NO_TECH
228, 20, 165, 0, 85, 0:0, 0:1, NO_TECH
228, 21, 0, 0, 85, 0:0, 0:1, NO_TECH
228, 22, 155, 0, 85, 0:0, 0:1, NO_TECH
228, 24, 85, 0, 165, 0:0, 0:1, NO_TECH
229, 0, 235, 0, 1649, 1:2, 1:3, TECH_ADVANCED_BALLISTICS
229, 1, 1620, 0, 360, 2:0, 1:3, NO_TECH
229, 2, 170, 255, 175, 2:0, 2:1, TECH_SYNTHETIC_MATERIALS
229, 4, 2420, 0, 450, 2:0, 1:3, TECH_GUIDANCE_SYSTEMS
229, 5, 1020, 0, 425, 1:0, 1:3, TECH_LASERS
229, 6, 680, 0, 260, 4:0, 1:3, TECH_COMPOSITES
229, 7, 1180, 0, 400, 1:0, 1:3, TECH_STEALTH_TECHNOLOGY
229, 9, 170, 0, 80, 0:0, 0:1, TECH_STEALTH_TECHNOLOGY
229, 10, 140, 0, 75, 0:0, 0:1, TECH_STEALTH_TECHNOLOGY
229, 12, 85, 0, 155, 0:0, 0:1, NO_TECH
229, 14, 170, 0, 155, 0:0, 0:1, NO_TECH
229, 15, 85, 0, 170, 0:0, 0:1, NO_TECH
229, 16, 255, 0, 0, 0:0, 0:1, NO_TECH
229, 20, 165, 0, 85, 0:0, 0:1, NO_TECH
229, 21, 0, 0, 170, 0:0, 0:1, NO_TECH
229, 22, 155, 0, 85, 0:0, 0:1, NO_TECH
229, 24, 85, 0, 165, 0:0, 0:1, NO_TECH
230, 0, 235, 0, 1944, 1:2, 1:3, TECH_ADVANCED_BALLISTICS
230, 1, 1620, 0, 360, 1:0, 1:3, NO_TECH
230, 2, 170, 0, 175, 2:0, 2:1, TECH_SYNTHETIC_MATERIALS
230, 4, 2330, 0, 450, 2:0, 1:3, TECH_GUIDANCE_SYSTEMS
230, 5, 850, 0, 255, 1:0, 1:3, TECH_LASERS
230, 6, 765, 0, 430, 4:0, 1:3, TECH_COMPOSITES
230, 7, 1180, 0, 480, 1:0, 1:3, TECH_STEALTH_TECHNOLOGY
230, 9, 85, 0, 80, 0:0, 0:1, TECH_STEALTH_TECHNOLOGY
230, 10, 140, 0, 75, 0:0, 0:1, TECH_STEALTH_TECHNOLOGY
230, 12, 85, 0, 70, 0:0, 0:1, NO_TECH
230, 14, 170, 0, 155, 0:0, 0:1, NO_TECH
230, 15, 85, 0, 255, 0:0, 0:1, NO_TECH
230, 16, 340, 0, 165, 0:0, 0:1, NO_TECH
230, 20, 165, 0, 170, 0:0, 0:1, NO_TECH
230, 21, 0, 0, 170, 0:0, 0:1, NO_TECH
230, 22, 230, 0, 85, 0:0, 0:1, NO_TECH
230, 24, 160, 0, 250, 0:0, 0:1, NO_TECH
231, 0, 235, 0, 1929, 1:2, 1:3, TECH_ADVANCED_BALLISTICS
231, 1, 1620, 0, 360, 2:0, 1:3, NO_TECH
231, 2, 255, 0, 255, 2:0, 2:1, TECH_SYNTHETIC_MATERIALS
231, 4, 2595, 0, 450, 3:0, 1:3, TECH_GUIDANCE_SYSTEMS
231, 5, 850, 0, 340, 1:0, 1:3, TECH_LASERS
231, 6, 680, 0, 345, 3:0, 1:3, TECH_COMPOSITES
231, 7, 1350, 0, 565, 2:0, 1:3, TECH_COMPOSITES
231, 9, 85, 0, 0, 0:0, 0:1, TECH_STEALTH_TECHNOLOGY
231, 10, 140, 0, 160, 0:0, 0:1, TECH_COMPOSITES
231, 12, 85, 0, 70, 0:0, 0:1, NO_TECH
231, 14, 170, 0, 70, 0:0, 0:1, NO_TECH
231, 15, 85, 0, 255, 0:0, 0:1, NO_TECH
231, 16, 340, 0, 165, 0:0, 0:1, NO_TECH
231, 20, 165, 0, 170, 0:0, 0:1, NO_TECH
231, 21, 0, 0, 170, 0:0, 0:1, NO_TECH
231, 22, 305, 0, 85, 0:0, 0:1, NO_TECH
231, 24, 160, 0, 170, 0:0, 0:1, NO_TECH
232, 0, 235, 0, 1911, 1:2, 1:3, TECH_ADVANCED_BALLISTICS
232, 1, 1800, 0, 360, 1:0, 1:3, NO_TECH
232, 2, 340, 0, 340, 2:0, 2:1, TECH_STEALTH_TECHNOLOGY
232, 4, 2505, 0, 360, 2:0, 1:3, TECH_GUIDANCE_SYSTEMS
232, 5, 935, 0, 340, 1:0, 1:3, TECH_LASERS
232, 6, 765, 0, 435, 2:0, 1:3, TECH_LASERS
232, 7, 1265, 0, 565, 3:0, 1:3, TECH_COMPOSITES
232, 9, 85, 0, 0, 0:0, 0:1, TECH_STEALTH_TECHNOLOGY
232, 10, 140, 0, 85, 0:0, 0:1, TECH_COMPOSITES
232, 12, 0, 0, 0, 0:0, 0:1, NO_TECH
232, 14, 170, 0, 0, 0:0, 0:1, NO_TECH
232, 15, 85, 0, 255, 0:0, 0:1, NO_TECH
232, 16, 340, 0, 165, 0:0, 0:1, NO_TECH
232, 20, 165, 0, 255, 0:0, 0:1, NO_TECH
232, 21, 0, 0, 85, 0:0, 0:1, NO_TECH
232, 22, 305, 0, 0, 0:0, 0:1, NO_TECH
232, 24, 230, 0, 85, 0:0, 0:1, NO_TECH
233, 0, 235, 0, 1921, 1:2, 1:3, TECH_ADVANCED_BALLISTICS
233, 1, 1800, 0, 360, 1:0, 1:3, NO_TECH
233, 2, 510, 0, 340, 4:0, 2:1, TECH_STEALTH_TECHNOLOGY
233, 4, 2420, 0, 360, 2:0, 1:3, TECH_GUIDANCE_SYSTEMS
233, 5, 935, 0, 340, 1:0, 1:3, TECH_LASERS
233, 6, 935, 0, 440, 3:0, 1:3, TECH_LASERS
233, 7, 1180, 0, 565, 3:0, 1:3, TECH_COMPOSITES
233, 9, 85, 0, 0, 0:0, 0:1, TECH_COMPOSITES
233, 10, 140, 0, 160, 0:0, 0:1, TECH_LASERS
233, 12, 85, 0, 0, 0:0, 0:1, NO_TECH
233, 14, 170, 0, 0, 0:0, 0:1, NO_TECH
233, 15, 85, 0, 270, 0:0, 0:1, NO_TECH
233, 16, 340, 0, 85, 0:0, 0:1, NO_TECH
233, 20, 165, 0, 170, 0:0, 0:1, NO_TECH
233, 21, 75, 0, 85, 0:0, 0:1, NO_TECH
233, 22, 305, 0, 0, 0:0, 0:1, NO_TECH
233, 24, 160, 0, 0, 0:0, 0:1, NO_TECH
234, 0, 235, 0, 2136, 1:2, 1:3, TECH_MILITARY_TACTICS
234, 1, 1800, 0, 270, 1:0, 1:3, NO_TECH
234, 2, 510, 0, 340, 4:0, 1:1, TECH_STEALTH_TECHNOLOGY
234, 4, 2690, 0, 270, 2:0, 1:3, TECH_GUIDANCE_SYSTEMS
234, 5, 935, 0, 340, 1:0, 1:3, TECH_LASERS
234, 6, 1020, 0, 435, 3:0, 1:3, TECH_LASERS
234, 7, 1095, 0, 565, 3:0, 1:3, TECH_COMPOSITES
234, 9, 170, 0, 0, 0:0, 0:1, TECH_COMPOSITES
234, 10, 210, 0, 217, 0:0, 0:1, TECH_LASERS
234, 12, 85, 0, 145, 0:0, 0:1, NO_TECH
234, 14, 170, 0, 0, 0:0, 0:1, NO_TECH
234, 15, 85, 0, 255, 0:0, 0:1, NO_TECH
234, 16, 340, 0, 0, 0:0, 0:1, NO_TECH
234, 20, 165, 0, 170, 0:0, 0:1, NO_TECH
234, 21, 0, 0, 85, 0:0, 0:1, NO_TECH
234, 22, 305, 0, 0, 0:0, 0:1, NO_TECH
234, 24, 160, 0, 85, 0:0, 0:1, NO_TECH
235, 0, 235, 0, 1931, 1:2, 1:3, TECH_MILITARY_TACTICS
235, 1, 1890, 0, 360, 1:0, 1:3, NO_TECH
235, 2, 425, 0, 510, 2:0, 1:1, TECH_STEALTH_TECHNOLOGY
235, 4, 2695, 0, 900, 3:0, 1:3, TECH_GUIDANCE_SYSTEMS
235, 5, 1190, 0, 340, 1:0, 1:3, TECH_LASERS
235, 6, 935, 0, 600, 2:0, 1:3, TECH_LASERS
235, 7, 1180, 0, 485, 3:0, 1:3, TECH_COMPOSITES
235, 9, 255, 0, 0, 0:0, 0:1, TECH_COMPOSITES
235, 10, 240, 0, 155, 0:0, 0:1, TECH_LASERS
235, 12, 0, 0, 145, 0:0, 0:1, NO_TECH
235, 14, 170, 0, 370, 0:0, 0:1, NO_TECH
235, 15, 85, 0, 255, 0:0, 0:1, NO_TECH
235, 16, 255, 0, 0, 0:0, 0:1, NO_TECH
235, 20, 165, 0, 170, 0:0, 0:1, NO_TECH
235, 21, 0, 0, 85, 0:0, 0:1, NO_TECH
235, 22, 305, 0, 0, 0:0, 0:1, NO_TECH
235, 24, 160, 0, 85, 0:0, 0:1, NO_TECH
236, 0, 235, 0, 1936, 1:2, 1:3, TECH_MILITARY_TACTICS
236, 1, 1980, 0, 360, 1:0, 1:3, NO_TECH
236, 2, 510, 0, 355, 3:0, 1:1, TECH_COMPOSITES
236, 4, 2690, 0, 1080, 2:0, 1:3, TECH_GUIDANCE_SYSTEMS
236, 5, 1105, 0, 340, 1:0, 1:3, TECH_SYNTHETIC_MATERIALS
236, 6, 935, 0, 515, 2:0, 1:3, TECH_LASERS
236, 7, 1265, 0, 565, 3:0, 1:3, TECH_COMPOSITES
236, 9, 170, 0, 0, 0:0, 0:1, TECH_LASERS
236, 10, 240, 0, 155, 0:0, 0:1, TECH_LASERS
236, 12, 0, 0, 220, 0:0, 0:1, NO_TECH
236, 14, 170, 0, 510, 0:0, 0:1, NO_TECH
236, 15, 85, 0, 250, 0:0, 0:1, NO_TECH
236, 16, 340, 0, 0, 0:0, 0:1, NO_TECH
236, 20, 165, 0, 170, 0:0, 0:1, NO_TECH
236, 21, 0, 0, 85, 0:0, 0:1, NO_TECH
236, 22, 305, 0, 0, 0:0, 0:1, NO_TECH
236, 24, 145, 0, 85, 0:0, 0:1, NO_TECH
237, 0, 235, 0, 1866, 1:2, 1:3, TECH_LASERS
237, 1, 2160, 0, 360, 2:0, 1:3, NO_TECH
237, 2, 425, 0, 425, 3:0, 1:1, TECH_COMPOSITES
237, 4, 2780, 0, 1080, 3:0, 1:3, TECH_GUIDANCE_SYSTEMS
237, 5, 1455, 0, 340, 1:0, 1:3, TECH_SYNTHETIC_MATERIALS
237, 6, 935, 0, 600, 1:0, 1:3, TECH_LASERS
237, 7, 1265, 0, 665, 3:0, 1:3, TECH_COMPOSITES
237, 9, 170, 0, 0, 0:0, 0:1, TECH_LASERS
237, 10, 85, 0, 155, 0:0, 0:1, TECH_LASERS
237, 12, 85, 0, 145, 0:0, 0:1, NO_TECH
237, 14, 170, 0, 510, 0:0, 0:1, NO_TECH
237, 15, 85, 0, 180, 0:0, 0:1, NO_TECH
237, 16, 340, 0, 0, 0:0, 0:1, NO_TECH
237, 20, 165, 0, 170, 0:0, 0:1, NO_TECH
237, 21, 0, 0, 85, 0:0, 0:1, NO_TECH
237, 22, 305, 0, 85, 0:0, 0:1, NO_TECH
237, 24, 0, 0, 0, 0:0, 0:1, NO_TECH
238, 0, 235, 0, 1746, 1:2, 1:3, TECH_LASERS
238, 1, 2250, 0, 360, 3:0, 1:3, NO_TECH
238, 2, 425, 0, 355, 3:0, 1:1, TECH_COMPOSITES
238, 4, 2865, 0, 720, 3:0, 1:3, TECH_GUIDANCE_SYSTEMS
238, 5, 1465, 0, 340, 1:0, 1:3, TECH_SYNTHETIC_MATERIALS
238, 6, 1020, 0, 600, 2:0, 1:3, NO_TECH
238, 7, 1265, 0, 845, 3:0, 1:3, TECH_COMPOSITES
238, 9, 85, 0, 0, 0:0, 0:1, TECH_LASERS
238, 10, 170, 0, 155, 0:0, 0:1, TECH_LASERS
238, 12, 85, 0, 230, 0:0, 0:1, NO_TECH
238, 14, 170, 0, 365, 0:0, 0:1, NO_TECH
238, 15, 85, 0, 255, 0:0, 0:1, NO_TECH
238, 16, 340, 0, 90, 0:0, 0:1, NO_TECH
238, 20, 165, 0, 170, 0:0, 0:1, NO_TECH
238, 21, 160, 0, 85, 0:0, 0:1, NO_TECH
238, 22, 305, 0, 0, 0:0, 0:1, NO_TECH
238, 24, 0, 0, 0, 0:0, 0:1, NO_TECH
239, 0, 235, 0, 1891, 1:2, 1:3, TECH_LASERS
239, 1, 2250, 0, 360, 3:0, 1:3, NO_TECH
239, 2, 510, 0, 355, 2:0, 1:1, NO_TECH
239, 4, 2520, 0, 990, 3:0, 1:3, TECH_GUIDANCE_SYSTEMS
239, 5, 1550, 0, 340, 1:0, 1:3, TECH_SYNTHETIC_MATERIALS
239, 6, 850, 0, 540, 2:0, 1:3, NO_TECH
239, 7, 1265, 0, 685, 3:0, 1:3, TECH_COMPOSITES
239, 9, 85, 0, 85, 0:0, 0:1, TECH_LASERS
239, 10, 85, 0, 155, 0:0, 0:1, TECH_LASERS
239, 12, 85, 0, 305, 0:0, 0:1, NO_TECH
239, 14, 170, 0, 235, 0:0, 0:1, NO_TECH
239, 15, 85, 0, 255, 0:0, 0:1, NO_TECH
239, 16, 340, 0, 0, 0:0, 0:1, NO_TECH
239, 20, 165, 0, 85, 0:0, 0:1, NO_TECH
239, 21, 85, 0, 85, 0:0, 0:1, NO_TECH
239, 22, 305, 0, 0, 0:0, 0:1, NO_TECH
239, 24, 0, 0, 0, 0:0, 0:1, NO_TECH
240, 0, 235, 0, 1816, 1:2, 1:3, TECH_LASERS
240, 1, 2250, 0, 630, 3:0, 1:3, NO_TECH
240, 2, 510, 0, 340, 1:0, 1:1, NO_TECH
240, 4, 2695, 0, 1080, 3:0, 1:3, TECH_GUIDANCE_SYSTEMS
240, 5, 1550, 0, 340, 1:0, 1:3, TECH_SYNTHETIC_MATERIALS
240, 6, 1020, 0, 900, 1:0, 1:3, NO_TECH
240, 7, 1265, 0, 525, 3:0, 1:3, TECH_LASERS
240, 9, 85, 0, 85, 0:0, 0:1, NO_TECH
240, 10, 170, 0, 70, 0:0, 0:1, TECH_LASERS
240, 12, 85, 0, 305, 0:0, 0:1, NO_TECH
240, 14, 170, 0, 320, 0:0, 0:1, NO_TECH
240, 15, 85, 0, 255, 0:0, 0:1, NO_TECH
240, 16, 340, 0, 0, 0:0, 0:1, NO_TECH
240, 20, 165, 0, 85, 0:0, 0:1, NO_TECH
240, 21, 85, 0, 85, 0:0, 0:1, NO_TECH
240, 22, 305, 0, 0, 0:0, 0:1, NO_TECH
240, 24, 85, 0, 85, 0:0, 0:1, NO_TECH
241, 0, 235, 0, 1966, 1:2, 1:3, TECH_MILITARY_TACTICS
241, 1, 2250, 0, 630, 3:0, 1:3, NO_TECH
241, 2, 510, 0, 595, 1:0, 1:1, NO_TECH
241, 4, 1170, 0, 990, 2:0, 1:3, TECH_GUIDANCE_SYSTEMS
241, 5, 1550, 0, 340, 1:0, 1:3, TECH_SYNTHETIC_MATERIALS
241, 6, 1020, 0, 630, 1:0, 1:3, NO_TECH
241, 7, 1105, 0, 445, 2:0, 1:3, TECH_LASERS
241, 9, 85, 0, 85, 0:0, 0:1, NO_TECH
241, 10, 85, 0, 0, 0:0, 0:1, TECH_LASERS
241, 12, 85, 0, 150, 0:0, 0:1, NO_TECH
241, 14, 170, 0, 235, 0:0, 0:1, NO_TECH
241, 15, 85, 0, 255, 0:0, 0:1, NO_TECH
241, 16, 340, 0, 0, 0:0, 0:1, NO_TECH
241, 20, 165, 0, 85, 0:0, 0:1, NO_TECH
241, 21, 160, 0, 85, 0:0, 0:1, NO_TECH
241, 22, 305, 0, 0, 0:0, 0:1, NO_TECH
241, 24, 85, 0, 85, 0:0, 0:1, NO_TECH
242, 0, 235, 0, 1966, 1:2, 1:3, TECH_MILITARY_TACTICS
242, 1, 2340, 0, 720, 4:0, 1:3, NO_TECH
242, 2, 595, 0, 595, 1:0, 1:1, NO_TECH
242, 4, 1260, 0, 990, 3:0, 1:3, TECH_GUIDANCE_SYSTEMS
242, 5, 1550, 0, 255, 1:0, 1:3, TECH_SYNTHETIC_MATERIALS
242, 6, 1105, 0, 720, 2:0, 1:3, NO_TECH
242, 7, 1105, 0, 445, 2:0, 1:3, TECH_LASERS
242, 9, 85, 0, 0, 0:0, 0:1, NO_TECH
242, 10, 155, 0, 0, 0:0, 0:1, TECH_LASERS
242, 12, 85, 0, 0, 0:0, 0:1, NO_TECH
242, 14, 170, 0, 235, 0:0, 0:1, NO_TECH
242, 15, 85, 0, 255, 0:0, 0:1, NO_TECH
242, 16, 340, 0, 85, 0:0, 0:1, NO_TECH
242, 20, 165, 0, 170, 0:0, 0:1, NO_TECH
242, 21, 160, 0, 85, 0:0, 0:1, NO_TECH
242, 22, 305, 0, 0, 0:0, 0:1, NO_TECH
242, 24, 85, 0, 85, 0:0, 0:1, NO_TECH
243, 0, 235, 0, 2116, 1:2, 1:3, TECH_MILITARY_TACTICS
243, 1, 2430, 0, 810, 3:0, 1:3, NO_TECH
243, 2, 680, 0, 595, 2:0, 1:1, NO_TECH
243, 4, 1260, 0, 1350, 3:0, 1:3, TECH_GUIDANCE_SYSTEMS
243, 5, 1465, 0, 255, 1:0, 1:3, TECH_SYNTHETIC_MATERIALS
243, 6, 1280, 0, 610, 3:0, 1:3, NO_TECH
243, 7, 1020, 0, 445, 2:1, 1:3, TECH_COMPOSITES
243, 9, 85, 0, 0, 0:0, 0:1, NO_TECH
243, 10, 155, 0, 0, 0:0, 0:1, TECH_LASERS
243, 12, 0, 0, 0, 0:0, 0:1, NO_TECH
243, 14, 170, 0, 505, 0:0, 0:1, NO_TECH
243, 15, 85, 0, 255, 0:0, 0:1, NO_TECH
243, 16, 170, 0, 85, 0:0, 0:1, NO_TECH
243, 20, 165, 0, 170, 0:0, 0:1, NO_TECH
243, 21, 160, 0, 85, 0:0, 0:1, NO_TECH
243, 22, 305, 0, 0, 0:0, 0:1, NO_TECH
243, 24, 85, 0, 85, 0:0, 0:1, NO_TECH
244, 0, 235, 0, 2063, 1:2, 1:3, TECH_MILITARY_TACTICS
244, 1, 2520, 0, 810, 4:0, 1:3, NO_TECH
244, 2, 510, 0, 510, 2:0, 1:1, NO_TECH
244, 4, 1170, 0, 1170, 1:0, 1:3, TECH_GUIDANCE_SYSTEMS
244, 5, 1720, 0, 340, 1:0, 1:3, TECH_SYNTHETIC_MATERIALS
244, 6, 1455, 0, 1050, 3:0, 1:3, NO_TECH
244, 7, 1110, 0, 530, 2:0, 1:3, TECH_COMPOSITES
244, 9, 85, 0, 0, 0:0, 0:1, NO_TECH
244, 10, 155, 0, 165, 0:0, 0:1, TECH_LASERS
244, 12, 0, 0, 0, 0:0, 0:1, NO_TECH
244, 14, 170, 0, 560, 0:0, 0:1, NO_TECH
244, 15, 85, 0, 170, 0:0, 0:1, NO_TECH
244, 16, 170, 0, 85, 0:0, 0:1, NO_TECH
244, 20, 165, 0, 170, 0:0, 0:1, NO_TECH
244, 21, 160, 0, 85, 0:0, 0:1, NO_TECH
244, 22, 305, 0, 0, 0:0, 0:1, NO_TECH
244, 24, 85, 0, 85, 0:0, 0:1, NO_TECH
245, 0, 235, 0, 2133, 1:2, 1:3, TECH_MILITARY_TACTICS
245, 1, 2610, 0, 810, 4:0, 1:3, NO_TECH
245, 2, 595, 0, 775, 1:0, 1:1, NO_TECH
245, 4, 1170, 0, 1350, 2:0, 1:3, TECH_GUIDANCE_SYSTEMS
245, 5, 1550, 0, 430, 1:0, 1:3, TECH_STEALTH_TECHNOLOGY
245, 6, 1455, 0, 1040, 3:0, 1:3, NO_TECH
245, 7, 1110, 0, 530, 1:0, 1:3, TECH_COMPOSITES
245, 9, 85, 0, 85, 0:0, 0:1, NO_TECH
245, 10, 240, 0, 235, 0:0, 0:1, NO_TECH
245, 12, 0, 0, 0, 0:0, 0:1, NO_TECH
245, 14, 170, 0, 560, 0:0, 0:1, NO_TECH
245, 15, 85, 0, 170, 0:0, 0:1, NO_TECH
245, 16, 170, 0, 0, 0:0, 0:1, NO_TECH
245, 20, 165, 0, 170, 0:0, 0:1, NO_TECH
245, 21, 160, 0, 85, 0:0, 0:1, NO_TECH
245, 22, 305, 0, 75, 0:0, 0:1, NO_TECH
245, 24, 75, 0, 0, 0:0, 0:1, NO_TECH
246, 0, 235, 0, 2233, 1:2, 1:3, TECH_MILITARY_TACTICS
246, 1, 2610, 0, 720, 3:0, 1:3, NO_TECH
246, 2, 595, 0, 775, 1:0, 1:1, NO_TECH
246, 4, 1260, 0, 1260, 3:0, 1:3, TECH_GUIDANCE_SYSTEMS
246, 5, 1465, 0, 430, 1:0, 1:3, TECH_STEALTH_TECHNOLOGY
246, 6, 1455, 0, 990, 3:0, 1:3, NO_TECH
246, 7, 1110, 0, 530, 1:0, 1:3, TECH_COMPOSITES
246, 9, 85, 0, 0, 0:0, 0:1, NO_TECH
246, 10, 240, 0, 235, 0:0, 0:1, NO_TECH
246, 12, 0, 0, 85, 0:0, 0:1, NO_TECH
246, 14, 170, 0, 420, 0:0, 0:1, NO_TECH
246, 15, 85, 0, 255, 0:0, 0:1, NO_TECH
246, 16, 85, 0, 0, 0:0, 0:1, NO_TECH
246, 20, 165, 0, 255, 0:0, 0:1, NO_TECH
246, 21, 85, 0, 170, 0:0, 0:1, NO_TECH
246, 22, 305, 0, 75, 0:0, 0:1, NO_TECH
246, 24, 75, 0, 0, 0:0, 0:1, NO_TECH
247, 0, 235, 0, 2138, 1:2, 1:3, TECH_MILITARY_TACTICS
247, 1, 2610, 0, 630, 3:0, 1:3, NO_TECH
247, 2, 680, 0, 775, 2:0, 1:1, NO_TECH
247, 4, 1350, 0, 1350, 4:0, 1:3, TECH_GUIDANCE_SYSTEMS
247, 5, 1380, 0, 345, 1:0, 1:3, TECH_STEALTH_TECHNOLOGY
247, 6, 1710, 0, 900, 2:0, 1:3, NO_TECH
247, 7, 1025, 0, 530, 1:0, 1:3, TECH_COMPOSITES
247, 9, 85, 0, 0, 0:0, 0:1, NO_TECH
247, 10, 240, 0, 70, 0:0, 0:1, NO_TECH
247, 12, 0, 0, 160, 0:0, 0:1, NO_TECH
247, 14, 170, 0, 0, 0:0, 0:1, NO_TECH
247, 15, 85, 0, 255, 0:0, 0:1, NO_TECH
247, 16, 85, 0, 0, 0:0, 0:1, NO_TECH
247, 20, 165, 0, 255, 0:0, 0:1, NO_TECH
247, 21, 160, 0, 170, 0:0, 0:1, NO_TECH
247, 22, 305, 0, 75, 0:0, 0:1, NO_TECH
247, 24, 245, 0, 0, 0:0, 0:1, NO_TECH
248, 0, 235, 0, 2073, 1:2, 1:3, TECH_MILITARY_TACTICS
248, 1, 2610, 0, 720, 3:0, 1:3, NO_TECH
248, 2, 850, 0, 515, 2:0, 1:1, NO_TECH
248, 4, 1260, 0, 990, 4:0, 1:3, TECH_GUIDANCE_SYSTEMS
248, 5, 1380, 0, 430, 1:0, 1:3, TECH_STEALTH_TECHNOLOGY
248, 6, 1880, 0, 1080, 4:0, 1:3, NO_TECH
248, 7, 1110, 0, 530, 1:0, 1:3, TECH_COMPOSITES
248, 9, 85, 0, 0, 0:0, 0:1, NO_TECH
248, 10, 240, 0, 70, 0:0, 0:1, NO_TECH
248, 12, 0, 0, 160, 0:0, 0:1, NO_TECH
248, 14, 170, 0, 85, 0:0, 0:1, NO_TECH
248, 15, 85, 0, 450, 0:0, 0:1, NO_TECH
248, 16, 85, 0, 0, 0:0, 0:1, NO_TECH
248, 20, 165, 0, 255, 0:0, 0:1, NO_TECH
248, 21, 85, 0, 170, 0:0, 0:1, NO_TECH
248, 22, 305, 0, 75, 0:0, 0:1, NO_TECH
248, 24, 160, 0, 0, 0:0, 0:1, NO_TECH
249, 0, 235, 0, 2153, 1:2, 1:3, TECH_MILITARY_TACTICS
249, 1, 2700, 0, 630, 2:0, 1:3, NO_TECH
249, 2, 850, 0, 515, 2:0, 1:1, NO_TECH
249, 4, 1440, 0, 720, 4:0, 1:3, TECH_GUIDANCE_SYSTEMS
249, 5, 1380, 0, 430, 1:0, 1:3, TECH_STEALTH_TECHNOLOGY
249, 6, 1965, 0, 705, 4:0, 1:3, NO_TECH
249, 7, 1110, 0, 530, 1:0, 1:3, TECH_COMPOSITES
249, 9, 0, 0, 90, 0:0, 0:1, NO_TECH
249, 10, 240, 0, 70, 0:0, 0:1, NO_TECH
249, 12, 0, 0, 75, 0:0, 0:1, NO_TECH
249, 14, 170, 0, 750, 0:0, 0:1, NO_TECH
249, 15, 85, 0, 450, 0:0, 0:1, NO_TECH
249, 16, 85, 0, 0, 0:0, 0:1, NO_TECH
249, 20, 165, 0, 255, 0:0, 0:1, NO_TECH
249, 21, 85, 0, 170, 0:0, 0:1, NO_TECH
249, 22, 305, 0, 75, 0:0, 0:1, NO_TECH
249, 24, 245, 0, 0, 0:0, 0:1, NO_TECH
250, 0, 235, 0, 2003, 1:2, 1:3, TECH_MILITARY_TACTICS
250, 1, 2880, 0, 630, 2:0, 1:3, NO_TECH
250, 2, 850, 0, 515, 2:0, 1:1, NO_TECH
250, 4, 1530, 0, 450, 2:0, 1:3, TECH_GUIDANCE_SYSTEMS
250, 5, 1550, 0, 345, 1:0, 1:3, TECH_STEALTH_TECHNOLOGY
250, 6, 1965, 0, 810, 4:0, 1:3, NO_TECH
250, 7, 1110, 0, 530, 1:0, 1:3, TECH_GUIDANCE_SYSTEMS
250, 9, 0, 0, 90, 0:0, 0:1, NO_TECH
250, 10, 70, 0, 70, 0:0, 0:1, NO_TECH
250, 12, 0, 0, 160, 0:0, 0:1, NO_TECH
250, 14, 170, 0, 1115, 0:0, 0:1, NO_TECH
250, 15, 85, 0, 450, 0:0, 0:1, NO_TECH
250, 16, 85, 0, 0, 0:0, 0:1, NO_TECH
250, 20, 165, 0, 255, 0:0, 0:1, NO_TECH
250, 21, 85, 0, 170, 0:0, 0:1, NO_TECH
250, 22, 305, 0, 75, 0:0, 0:1, NO_TECH
250, 24, 160, 0, 0, 0:0, 0:1, NO_TECH
251, 0, 235, 0, 2223, 1:2, 1:3, TECH_MILITARY_TACTICS
251, 1, 3060, 0, 810, 4:0, 1:3, NO_TECH
251, 2, 850, 0, 430, 2:0, 1:1, NO_TECH
251, 4, 1530, 0, 630, 2:0, 1:3, TECH_GUIDANCE_SYSTEMS
251, 5, 1550, 0, 430, 1:0, 1:3, TECH_STEALTH_TECHNOLOGY
251, 6, 1965, 0, 700, 3:0, 1:3, NO_TECH
251, 7, 1205, 0, 530, 1:0, 1:3, TECH_GUIDANCE_SYSTEMS
251, 9, 0, 0, 90, 0:0, 0:1, NO_TECH
251, 10, 155, 0, 80, 0:0, 0:1, NO_TECH
251, 12, 0, 0, 160, 0:0, 0:1, NO_TECH
251, 14, 170, 0, 1195, 0:0, 0:1, NO_TECH
251, 15, 85, 0, 340, 0:0, 0:1, NO_TECH
251, 16, 85, 0, 85, 0:0, 0:1, NO_TECH
251, 20, 165, 0, 255, 0:0, 0:1, NO_TECH
251, 21, 160, 0, 170, 0:0, 0:1, NO_TECH
251, 22, 305, 0, 75, 0:0, 0:1, NO_TECH
251, 24, 75, 0, 85, 0:0, 0:1, NO_TECH
252, 0, 235, 0, 2483, 1:2, 1:3, TECH_MILITARY_TACTICS
252, 1, 3060, 0, 810, 4:0, 1:3, NO_TECH
252, 2, 850, 0, 515, 3:0, 1:1, NO_TECH
252, 4, 1440, 0, 900, 2:0, 1:3, TECH_GUIDANCE_SYSTEMS
252, 5, 1380, 0, 610, 1:0, 1:3, TECH_COMPOSITES
252, 6, 2220, 0, 785, 5:0, 1:3, NO_TECH
252, 7, 1295, 0, 530, 1:0, 1:3, TECH_GUIDANCE_SYSTEMS
252, 9, 0, 0, 0, 0:0, 0:1, NO_TECH
252, 10, 155, 0, 230, 0:0, 0:1, NO_TECH
252, 12, 0, 0, 160, 0:0, 0:1, NO_TECH
252, 14, 170, 0, 915, 0:0, 0:1, NO_TECH
252, 15, 85, 0, 170, 0:0, 0:1, NO_TECH
252, 16, 170, 0, 85, 0:0, 0:1, NO_TECH
252, 20, 165, 0, 255, 0:0, 0:1, NO_TECH
252, 21, 160, 0, 170, 0:0, 0:1, NO_TECH
252, 22, 305, 0, 75, 0:0, 0:1, NO_TECH
252, 24, 75, 0, 85, 0:0, 0:1, NO_TECH
253, 0, 235, 0, 2573, 1:2, 1:3, TECH_MILITARY_TACTICS
253, 1, 3060, 0, 810, 4:0, 1:3, NO_TECH
253, 2, 850, 0, 690, 3:0, 1:1, NO_TECH
253, 4, 1440, 0, 1170, 1:0, 1:3, TECH_GUIDANCE_SYSTEMS
253, 5, 1465, 0, 610, 1:0, 1:3, TECH_COMPOSITES
253, 6, 2305, 0, 700, 4:0, 1:3, NO_TECH
253, 7, 1550, 0, 445, 1:0, 1:3, TECH_GUIDANCE_SYSTEMS
253, 9, 85, 0, 0, 0:0, 0:1, NO_TECH
253, 10, 155, 0, 370, 0:0, 0:1, NO_TECH
253, 12, 0, 0, 160, 0:0, 0:1, NO_TECH
253, 14, 170, 0, 810, 0:0, 0:1, NO_TECH
253, 15, 85, 0, 270, 0:0, 0:1, NO_TECH
253, 16, 170, 0, 85, 0:0, 0:1, NO_TECH
253, 20, 165, 0, 255, 0:0, 0:1, NO_TECH
253, 21, 85, 0, 255, 0:0, 0:1, NO_TECH
253, 22, 305, 0, 75, 0:0, 0:1, NO_TECH
253, 24, 75, 0, 85, 0:0, 0:1, NO_TECH
254, 0, 235, 0, 2133, 1:2, 1:3, TECH_CHEMISTRY
254, 1, 3060, 0, 810, 4:0, 1:3, NO_TECH
254, 2, 850, 0, 605, 2:0, 1:1, NO_TECH
254, 4, 1620, 0, 1350, 3:0, 1:3, TECH_GUIDANCE_SYSTEMS
254, 5, 1380, 0, 700, 1:0, 1:3, TECH_COMPOSITES
254, 6, 2390, 0, 780, 5:0, 1:3, NO_TECH
254, 7, 1555, 0, 445, 1:0, 1:3, TECH_GUIDANCE_SYSTEMS
254, 9, 0, 0, 0, 0:0, 0:1, NO_TECH
254, 10, 240, 0, 290, 0:0, 0:1, NO_TECH
254, 12, 0, 0, 75, 0:0, 0:1, NO_TECH
254, 14, 170, 0, 1010, 0:0, 0:1, NO_TECH
254, 15, 85, 0, 630, 0:0, 0:1, NO_TECH
254, 16, 170, 0, 0, 0:0, 0:1, NO_TECH
254, 20, 165, 0, 255, 0:0, 0:1, NO_TECH
254, 21, 85, 0, 170, 0:0, 0:1, NO_TECH
254, 22, 305, 0, 75, 0:0, 0:1, NO_TECH
254, 24, 75, 0, 85, 0:0, 0:1, NO_TECH
255, 0, 235, 0, 2410, 1:2, 1:3, TECH_CHEMISTRY
255, 1, 3060, 0, 810, 4:0, 1:3, NO_TECH
255, 2, 1475, 0, 605, 3:0, 1:1, NO_TECH
255, 4, 1710, 0, 1710, 3:0, 1:3, TECH_GUIDANCE_SYSTEMS
255, 5, 1380, 0, 700, 1:0, 1:3, TECH_COMPOSITES
255, 6, 2560, 0, 870, 5:0, 1:3, NO_TECH
255, 7, 1645, 0, 445, 1:0, 1:3, TECH_GUIDANCE_SYSTEMS
255, 9, 0, 0, 0, 0:0, 0:1, NO_TECH
255, 10, 240, 0, 210, 0:0, 0:1, NO_TECH
255, 12, 0, 0, 75, 0:0, 0:1, NO_TECH
255, 14, 170, 0, 925, 0:0, 0:1, NO_TECH
255, 15, 85, 0, 630, 0:0, 0:1, NO_TECH
255, 16, 170, 0, 0, 0:0, 0:1, NO_TECH
255, 20, 85, 0, 340, 0:0, 0:1, NO_TECH
255, 21, 160, 0, 255, 0:0, 0:1, NO_TECH
255, 22, 305, 0, 0, 0:0, 0:1, NO_TECH
255, 24, 75, 0, 80, 0:0, 0:1, NO_TECH
256, 0, 235, 0, 2480, 1:2, 1:3, NO_TECH
256, 1, 3060, 0, 720, 3:0, 1:3, NO_TECH
256, 2, 1475, 0, 520, 3:0, 1:1, NO_TECH
256, 4, 1710, 0, 1620, 2:0, 1:3, TECH_GUIDANCE_SYSTEMS
256, 5, 1295, 0, 620, 1:0, 1:3, NO_TECH
256, 6, 2475, 0, 870, 5:0, 1:3, NO_TECH
256, 7, 1730, 0, 445, 1:0, 1:3, TECH_GUIDANCE_SYSTEMS
256, 9, 85, 0, 0, 0:0, 0:1, NO_TECH
256, 10, 240, 0, 210, 0:0, 0:1, NO_TECH
256, 12, 0, 0, 75, 0:0, 0:1, NO_TECH
256, 14, 170, 0, 575, 0:0, 0:1, NO_TECH
256, 15, 85, 0, 600, 0:0, 0:1, NO_TECH
256, 16, 170, 0, 0, 0:0, 0:1, NO_TECH
256, 20, 165, 0, 340, 0:0, 0:1, NO_TECH
256, 21, 160, 0, 170, 0:0, 0:1, NO_TECH
256, 22, 305, 0, 0, 0:0, 0:1, NO_TECH
256, 24, 75, 0, 80, 0:0, 0:1, NO_TECH
257, 0, 235, 0, 3490, 1:2, 1:3, NO_TECH
257, 1, 3060, 0, 810, 1:0, 1:3, NO_TECH
257, 2, 1475, 0, 605, 3:0, 1:1, NO_TECH
257, 4, 1800, 0, 1350, 3:0, 1:3, TECH_GUIDANCE_SYSTEMS
257, 5, 1640, 0, 615, 1:0, 1:3, NO_TECH
257, 6, 270, 0, 540, 4:0, 1:3, NO_TECH
257, 7, 1730, 0, 530, 1:0, 1:3, TECH_GUIDANCE_SYSTEMS
257, 9, 0, 0, 0, 0:0, 0:1, NO_TECH
257, 10, 240, 0, 140, 0:0, 0:1, NO_TECH
257, 12, 0, 0, 75, 0:0, 0:1, NO_TECH
257, 14, 170, 0, 90, 0:0, 0:1, NO_TECH
257, 15, 85, 0, 425, 0:0, 0:1, NO_TECH
257, 16, 170, 0, 0, 0:0, 0:1, NO_TECH
257, 20, 85, 0, 340, 0:0, 0:1, NO_TECH
257, 21, 85, 0, 170, 0:0, 0:1, NO_TECH
257, 22, 305, 0, 0, 0:0, 0:1, NO_TECH
257, 24, 160, 0, 165, 0:0, 0:1, NO_TECH
258, 0, 235, 0, 3570, 1:2, 1:3, NO_TECH
258, 1, 3240, 0, 990, 3:0, 1:3, NO_TECH
258, 2, 1560, 0, 605, 4:0, 1:1, NO_TECH
258, 4, 1620, 0, 1260, 3:0, 1:3, TECH_GUIDANCE_SYSTEMS
258, 5, 1560, 0, 790, 2:0, 1:3, NO_TECH
258, 6, 270, 0, 540, 3:0, 1:3, NO_TECH
258, 7, 1730, 0, 535, 1:0, 1:3, TECH_GUIDANCE_SYSTEMS
258, 9, 0, 0, 0, 0:0, 0:1, NO_TECH
258, 10, 240, 0, 140, 0:0, 0:1, NO_TECH
258, 12, 0, 0, 75, 0:0, 0:1, NO_TECH
258, 14, 170, 0, 170, 0:0, 0:1, NO_TECH
258, 15, 85, 0, 340, 0:0, 0:1, NO_TECH
258, 16, 170, 0, 0, 0:0, 0:1, NO_TECH
258, 20, 85, 0, 255, 0:0, 0:1, NO_TECH
258, 21, 160, 0, 170, 0:0, 0:1, NO_TECH
258, 22, 305, 0, 0, 0:0, 0:1, NO_TECH
258, 24, 160, 0, 175, 0:0, 0:1, NO_TECH
259, 0, 235, 0, 2965, 1:2, 1:3, TECH_SYNTHETIC_MATERIALS
259, 1, 3240, 0, 1080, 3:0, 1:3, NO_TECH
259, 2, 1645, 0, 690, 4:0, 1:1, NO_TECH
259, 4, 1530, 0, 1080, 2:0, 1:3, TECH_GUIDANCE_SYSTEMS
259, 5, 630, 0, 450, 2:0, 1:3, NO_TECH
259, 6, 270, 0, 720, 3:0, 1:3, NO_TECH
259, 7, 1650, 0, 535, 1:0, 1:3, TECH_GUIDANCE_SYSTEMS
259, 9, 0, 0, 85, 0:0, 0:1, NO_TECH
259, 10, 240, 0, 630, 0:0, 0:1, NO_TECH
259, 12, 0, 0, 150, 0:0, 0:1, NO_TECH
259, 14, 170, 0, 90, 0:0, 0:1, NO_TECH
259, 15, 165, 0, 255, 0:0, 0:1, NO_TECH
259, 16, 170, 0, 0, 0:0, 0:1, NO_TECH
259, 20, 165, 0, 255, 0:0, 0:1, NO_TECH
259, 21, 160, 0, 170, 0:0, 0:1, NO_TECH
259, 22, 305, 0, 0, 0:0, 0:1, NO_TECH
259, 24, 160, 0, 175, 0:0, 0:1, NO_TECH
260, 0, 235, 0, 3400, 1:2, 1:3, TECH_SYNTHETIC_MATERIALS
260, 1, 3240, 0, 990, 3:0, 1:3, NO_TECH
260, 2, 1730, 0, 710, 5:0, 1:1, NO_TECH
260, 4, 1620, 0, 1080, 1:0, 1:3, TECH_GUIDANCE_SYSTEMS
260, 5, 630, 0, 360, 2:0, 1:3, NO_TECH
260, 6, 270, 0, 450, 2:0, 1:3, NO_TECH
260, 7, 1650, 0, 445, 1:0, 1:3, NO_TECH
260, 9, 85, 0, 165, 0:0, 0:1, NO_TECH
260, 10, 240, 0, 560, 0:0, 0:1, NO_TECH
260, 12, 0, 0, 150, 0:0, 0:1, NO_TECH
260, 14, 85, 0, 172, 0:0, 0:1, NO_TECH
260, 15, 165, 0, 170, 0:0, 0:1, NO_TECH
260, 16, 170, 0, 0, 0:0, 0:1, NO_TECH
260, 20, 175, 0, 255, 0:0, 0:1, NO_TECH
260, 21, 160, 0, 170, 0:0, 0:1, NO_TECH
260, 22, 305, 0, 0, 0:0, 0:1, NO_TECH
260, 24, 160, 0, 90, 0:0, 0:1, NO_TECH
261, 0, 235, 0, 2632, 1:2, 1:3, TECH_STEALTH_TECHNOLOGY
261, 1, 3240, 0, 990, 3:0, 1:3, NO_TECH
261, 2, 1815, 0, 605, 5:0, 1:1, NO_TECH
261, 4, 1440, 0, 1260, 2:0, 1:3, NO_TECH
261, 5, 720, 0, 360, 2:0, 1:3, NO_TECH
261, 6, 270, 0, 360, 3:0, 1:3, NO_TECH
261, 7, 1560, 0, 535, 1:0, 1:3, NO_TECH
261, 9, 85, 0, 175, 0:0, 0:1, NO_TECH
261, 10, 155, 0, 490, 0:0, 0:1, NO_TECH
261, 12, 0, 0, 75, 0:0, 0:1, NO_TECH
261, 14, 85, 0, 172, 0:0, 0:1, NO_TECH
261, 15, 165, 0, 170, 0:0, 0:1, NO_TECH
261, 16, 170, 0, 0, 0:0, 0:1, NO_TECH
261, 20, 85, 0, 255, 0:0, 0:1, NO_TECH
261, 21, 160, 0, 170, 0:0, 0:1, NO_TECH
261, 22, 305, 0, 0, 0:0, 0:1, NO_TECH
261, 24, 75, 0, 90, 0:0, 0:1, NO_TECH
262, 0, 235, 0, 2720, 1:2, 1:3, TECH_STEALTH_TECHNOLOGY
262, 1, 3330, 0, 990, 4:0, 1:3, NO_TECH
262, 2, 1730, 0, 690, 3:0, 1:1, NO_TECH
262, 4, 1530, 0, 1170, 1:0, 1:3, NO_TECH
262, 5, 900, 0, 360, 2:0, 1:3, NO_TECH
262, 6, 270, 360, 360, 4:0, 1:3, NO_TECH
262, 7, 1560, 0, 625, 1:0, 1:3, NO_TECH
262, 9, 85, 0, 175, 0:0, 0:1, NO_TECH
262, 10, 85, 0, 0, 0:0, 0:1, TECH_GUIDANCE_SYSTEMS
262, 12, 0, 0, 150, 0:0, 0:1, NO_TECH
262, 14, 85, 0, 82, 0:0, 0:1, TECH_GUIDANCE_SYSTEMS
262, 15, 165, 0, 450, 0:0, 0:1, NO_TECH
262, 16, 170, 0, 90, 0:0, 0:1, NO_TECH
262, 20, 85, 0, 255, 0:0, 0:1, NO_TECH
262, 21, 85, 0, 170, 0:0, 0:1, NO_TECH
262, 22, 305, 0, 0, 0:0, 0:1, NO_TECH
262, 24, 160, 0, 175, 0:0, 0:1, NO_TECH
263, 0, 235, 0, 3262, 1:2, 1:3, TECH_STEALTH_TECHNOLOGY
263, 1, 3330, 0, 900, 3:0, 1:3, NO_TECH
263, 2, 1645, 600, 440, 4:0, 1:1, TECH_GUIDANCE_SYSTEMS
263, 4, 1800, 90, 1170, 3:0, 1:3, TECH_GUIDANCE_SYSTEMS
263, 5, 810, 0, 360, 2:0, 1:3, NO_TECH
263, 6, 270, 540, 360, 3:0, 1:3, NO_TECH
263, 7, 1560, 0, 535, 1:0, 1:3, NO_TECH
263, 9, 85, 0, 175, 0:0, 0:1, NO_TECH
263, 10, 85, 0, 85, 0:0, 0:1, TECH_GUIDANCE_SYSTEMS
263, 12, 0, 0, 150, 0:0, 0:1, NO_TECH
263, 14, 85, 70, 82, 0:0, 0:1, TECH_GUIDANCE_SYSTEMS
263, 15, 165, 0, 360, 0:0, 0:1, NO_TECH
263, 16, 170, 0, 90, 0:0, 0:1, NO_TECH
263, 20, 175, 0, 255, 0:0, 0:1, NO_TECH
263, 21, 160, 0, 170, 0:0, 0:1, NO_TECH
263, 22, 305, 0, 0, 0:0, 0:1, NO_TECH
263, 24, 75, 0, 260, 0:0, 0:1, NO_TECH
264, 0, 235, 0, 3807, 1:2, 1:3, NO_TECH
264, 1, 3510, 0, 990, 3:0, 1:3, NO_TECH
264, 2, 1815, 855, 530, 1:0, 1:1, TECH_GUIDANCE_SYSTEMS
264, 4, 1890, 1080, 180, 4:0, 1:3, TECH_GUIDANCE_SYSTEMS
264, 5, 720, 180, 0, 2:0, 1:3, NO_TECH
264, 6, 270, 630, 270, 4:0, 1:3, NO_TECH
264, 7, 1645, 535, 175, 1:0, 1:3, TECH_GUIDANCE_SYSTEMS
264, 9, 85, 0, 0, 0:0, 0:1, NO_TECH
264, 10, 85, 210, 0, 0:0, 0:1, TECH_GUIDANCE_SYSTEMS
264, 12, 0, 0, 150, 0:0, 0:1, NO_TECH
264, 14, 85, 320, 0, 0:0, 0:1, TECH_GUIDANCE_SYSTEMS
264, 15, 165, 0, 360, 0:0, 0:1, NO_TECH
264, 16, 170, 0, 90, 0:0, 0:1, NO_TECH
264, 20, 85, 0, 175, 0:0, 0:1, NO_TECH
264, 21, 245, 0, 170, 0:0, 0:1, NO_TECH
264, 22, 305, 0, 0, 0:0, 0:1, NO_TECH
264, 24, 75, 0, 170, 0:0, 0:1, NO_TECH
265, 0, 235, 0, 4052, 1:2, 1:3, NO_TECH
265, 1, 3510, 810, 360, 4:0, 1:3, NO_TECH
265, 2, 1735, 855, 530, 2:0, 1:1, TECH_GUIDANCE_SYSTEMS
265, 4, 1980, 1440, 90, 4:0, 1:3, TECH_GUIDANCE_SYSTEMS
265, 5, 990, 180, 0, 2:0, 1:3, NO_TECH
265, 6, 270, 720, 90, 5:0, 1:3, NO_TECH
265, 7, 1560, 630, 175, 1:0, 1:3, TECH_GUIDANCE_SYSTEMS
265, 9, 0, 0, 0, 0:0, 0:1, NO_TECH
265, 10, 85, 295, 0, 0:0, 0:1, TECH_GUIDANCE_SYSTEMS
265, 12, 0, 0, 75, 0:0, 0:1, NO_TECH
265, 14, 85, 895, 0, 0:0, 0:1, TECH_GUIDANCE_SYSTEMS
265, 15, 165, 0, 360, 0:0, 0:1, NO_TECH
265, 16, 170, 0, 70, 0:0, 0:1, NO_TECH
265, 20, 85, 0, 175, 0:0, 0:1, NO_TECH
265, 21, 160, 0, 170, 0:0, 0:1, NO_TECH
265, 22, 305, 0, 0, 0:0, 0:1, NO_TECH
265, 24, 245, 0, 255, 0:0, 0:1, NO_TECH
266, 0, 235, 0, 3377, 1:2, 1:3, NO_TECH
266, 1, 3510, 810, 450, 4:0, 1:3, NO_TECH
266, 2, 1910, 940, 530, 2:0, 1:1, TECH_GUIDANCE_SYSTEMS
266, 4, 2160, 2070, 180, 3:0, 1:3, TECH_GUIDANCE_SYSTEMS
266, 5, 900, 450, 0, 1:1, 1:3, NO_TECH
266, 6, 270, 810, 270, 6:0, 1:3, NO_TECH
266, 7, 1815, 805, 85, 1:0, 1:3, TECH_GUIDANCE_SYSTEMS
266, 9, 0, 0, 0, 0:0, 0:1, NO_TECH
266, 10, 85, 295, 0, 0:0, 0:1, TECH_GUIDANCE_SYSTEMS
266, 12, 0, 0, 0, 0:0, 0:1, NO_TECH
266, 14, 85, 895, 90, 0:0, 0:1, TECH_GUIDANCE_SYSTEMS
266, 15, 165, 0, 360, 0:0, 0:1, NO_TECH
266, 16, 170, 0, 85, 0:0, 0:1, NO_TECH
266, 20, 175, 0, 430, 0:0, 0:1, NO_TECH
266, 21, 160, 0, 170, 0:0, 0:1, NO_TECH
266, 22, 305, 0, 0, 0:0, 0:1, NO_TECH
266, 24, 245, 0, 255, 0:0, 0:1, NO_TECH
267, 0, 235, 0, 3955, 1:2, 1:3, NO_TECH
267, 1, 3600, 990, 450, 5:0, 1:3, NO_TECH
267, 2, 2170, 770, 440, 3:0, 1:1, TECH_GUIDANCE_SYSTEMS
267, 4, 2070, 1980, 180, 2:0, 1:3, TECH_GUIDANCE_SYSTEMS
267, 5, 990, 450, 0, 2:0, 1:3, NO_TECH
267, 6, 270, 810, 180, 7:0, 1:3, NO_TECH
267, 7, 1815, 720, 175, 1:0, 1:3, TECH_GUIDANCE_SYSTEMS
267, 9, 0, 0, 0, 0:0, 0:1, NO_TECH
267, 10, 85, 155, 0, 0:0, 0:1, TECH_GUIDANCE_SYSTEMS
267, 12, 0, 0, 0, 0:0, 0:1, NO_TECH
267, 14, 85, 810, 90, 0:0, 0:1, TECH_GUIDANCE_SYSTEMS
267, 15, 165, 0, 360, 0:0, 0:1, NO_TECH
267, 16, 170, 0, 85, 0:0, 0:1, NO_TECH
267, 20, 175, 0, 430, 0:0, 0:1, NO_TECH
267, 21, 160, 0, 170, 0:0, 0:1, NO_TECH
267, 22, 305, 0, 0, 0:0, 0:1, NO_TECH
267, 24, 245, 0, 170, 0:0, 0:1, NO_TECH
268, 0, 235, 0, 3610, 1:2, 1:3, NO_TECH
268, 1, 3510, 990, 540, 6:0, 1:3, NO_TECH
268, 0, 235, 0, 3610, 1:2, 1:3, NO_TECH
268, 1, 3510, 990, 540, 6:0, 1:3, NO_TECH
268, 2, 2260, 600, 530, 3:0, 1:1, TECH_GUIDANCE_SYSTEMS
268, 4, 2070, 1890, 270, 3:0, 1:3, TECH_GUIDANCE_SYSTEMS
268, 5, 810, 450, 0, 1:0, 1:3, NO_TECH
268, 6, 270, 810, 360, 6:0, 1:3, NO_TECH
268, 7, 1820, 715, 175, 1:0, 1:3, TECH_GUIDANCE_SYSTEMS
268, 9, 0, 0, 0, 0:0, 0:1, NO_TECH
268, 10, 85, 70, 0, 0:0, 0:1, TECH_GUIDANCE_SYSTEMS
268, 12, 0, 0, 0, 0:0, 0:1, NO_TECH
268, 14, 85, 250, 90, 0:0, 0:1, TECH_GUIDANCE_SYSTEMS
268, 15, 165, 0, 360, 0:0, 0:1, NO_TECH
268, 16, 170, 0, 85, 0:0, 0:1, NO_TECH
268, 20, 175, 0, 340, 0:0, 0:1, NO_TECH
268, 21, 160, 0, 170, 0:0, 0:1, NO_TECH
268, 22, 305, 0, 0, 0:0, 0:1, NO_TECH
268, 24, 245, 0, 255, 0:0, 0:1, NO_TECH
269, 0, 235, 0, 3430, 1:2, 1:3, NO_TECH
269, 1, 3240, 900, 630, 6:0, 1:3, NO_TECH
269, 2, 2090, 515, 350, 3:0, 1:1, TECH_GUIDANCE_SYSTEMS
269, 4, 2070, 1710, 180, 3:0, 1:3, TECH_GUIDANCE_SYSTEMS
269, 5, 630, 450, 0, 1:0, 1:3, NO_TECH
269, 6, 270, 900, 360, 6:0, 1:3, NO_TECH
269, 7, 1735, 540, 175, 1:0, 1:3, TECH_GUIDANCE_SYSTEMS
269, 9, 0, 0, 0, 0:0, 0:1, NO_TECH
269, 10, 85, 0, 0, 0:0, 0:1, NO_TECH
269, 12, 0, 0, 75, 0:0, 0:1, NO_TECH
269, 14, 85, 250, 90, 0:0, 0:1, NO_TECH
269, 15, 165, 0, 360, 0:0, 0:1, NO_TECH
269, 16, 170, 0, 237, 0:0, 0:1, NO_TECH
269, 20, 175, 0, 340, 0:0, 0:1, NO_TECH
269, 21, 160, 0, 170, 0:0, 0:1, NO_TECH
269, 22, 305, 0, 0, 0:0, 0:1, NO_TECH
269, 24, 245, 0, 255, 0:0, 0:1, NO_TECH
270, 0, 235, 0, 3105, 1:2, 1:3, NO_TECH
270, 1, 3150, 900, 630, 6:0, 1:3, NO_TECH
270, 2, 1920, 430, 350, 3:0, 1:1, TECH_GUIDANCE_SYSTEMS
270, 4, 1530, 990, 90, 4:0, 1:3, TECH_GUIDANCE_SYSTEMS
270, 5, 540, 360, 0, 1:0, 1:3, NO_TECH
270, 6, 270, 810, 540, 5:0, 1:3, NO_TECH
270, 7, 1555, 535, 175, 1:0, 1:3, TECH_GUIDANCE_SYSTEMS
270, 9, 0, 0, 0, 0:0, 0:1, NO_TECH
270, 10, 85, 0, 0, 0:0, 0:1, NO_TECH
270, 12, 0, 0, 235, 0:0, 0:1, NO_TECH
270, 14, 85, 420, 75, 0:0, 0:1, NO_TECH
270, 15, 165, 0, 175, 0:0, 0:1, NO_TECH
270, 16, 170, 0, 322, 0:0, 0:1, NO_TECH
270, 20, 175, 0, 340, 0:0, 0:1, NO_TECH
270, 21, 230, 0, 170, 0:0, 0:1, NO_TECH
270, 22, 305, 0, 0, 0:0, 0:1, NO_TECH
270, 24, 245, 0, 255, 0:0, 0:1, NO_TECH
271, 0, 235, 0, 2310, 1:2, 1:3, NO_TECH
271, 1, 2880, 450, 540, 7:0, 1:3, NO_TECH
271, 2, 1920, 430, 350, 3:0, 1:1, TECH_GUIDANCE_SYSTEMS
271, 4, 1530, 900, 90, 1:0, 1:3, TECH_GUIDANCE_SYSTEMS
271, 5, 720, 270, 0, 3:0, 1:3, NO_TECH
271, 6, 270, 720, 540, 5:0, 1:3, NO_TECH
271, 7, 1555, 450, 175, 1:0, 1:3, TECH_GUIDANCE_SYSTEMS
271, 9, 0, 0, 0, 0:0, 0:1, NO_TECH
271, 10, 85, 0, 0, 0:0, 0:1, NO_TECH
271, 12, 0, 0, 305, 0:0, 0:1, NO_TECH
271, 14, 85, 255, 75, 0:0, 0:1, NO_TECH
271, 15, 165, 0, 175, 0:0, 0:1, NO_TECH
271, 16, 170, 0, 322, 0:0, 0:1, NO_TECH
271, 20, 175, 0, 425, 0:0, 0:1, NO_TECH
271, 21, 230, 0, 170, 0:0, 0:1, NO_TECH
271, 22, 305, 0, 0, 0:0, 0:1, NO_TECH
271, 24, 245, 0, 255, 0:0, 0:1, NO_TECH
272, 0, 235, 0, 2370, 1:2, 1:3, NO_TECH
272, 1, 2880, 360, 450, 7:0, 1:3, NO_TECH
272, 2, 1920, 430, 350, 3:0, 1:1, TECH_GUIDANCE_SYSTEMS
272, 4, 1350, 720, 90, 1:0, 1:3, TECH_GUIDANCE_SYSTEMS
272, 5, 810, 270, 0, 2:0, 1:3, NO_TECH
272, 6, 270, 180, 720, 5:0, 1:3, NO_TECH
272, 7, 1470, 450, 175, 1:0, 1:3, TECH_GUIDANCE_SYSTEMS
272, 9, 85, 0, 0, 0:0, 0:1, NO_TECH
272, 10, 85, 0, 0, 0:0, 0:1, NO_TECH
272, 12, 0, 0, 305, 0:0, 0:1, NO_TECH
272, 14, 85, 0, 325, 0:0, 0:1, NO_TECH
272, 15, 165, 0, 175, 0:0, 0:1, NO_TECH
272, 16, 170, 0, 322, 0:0, 0:1, NO_TECH
272, 20, 175, 0, 425, 0:0, 0:1, NO_TECH
272, 21, 160, 0, 170, 0:0, 0:1, NO_TECH
272, 22, 305, 0, 0, 0:0, 0:1, NO_TECH
272, 24, 245, 0, 255, 0:0, 0:1, NO_TECH
273, 0, 235, 0, 2310, 1:2, 1:3, NO_TECH
273, 1, 2790, 540, 540, 8:0, 1:3, NO_TECH
273, 2, 1925, 600, 350, 4:0, 1:1, TECH_GUIDANCE_SYSTEMS
273, 4, 1350, 810, 90, 2:0, 1:3, TECH_GUIDANCE_SYSTEMS
273, 5, 810, 270, 0, 2:0, 1:3, NO_TECH
273, 6, 270, 90, 540, 4:0, 1:3, NO_TECH
273, 7, 1555, 450, 175, 1:0, 1:3, TECH_GUIDANCE_SYSTEMS
273, 9, 0, 0, 0, 0:0, 0:1, NO_TECH
273, 10, 85, 0, 0, 0:0, 0:1, NO_TECH
273, 12, 0, 0, 305, 0:0, 0:1, NO_TECH
273, 14, 85, 0, 885, 0:0, 0:1, NO_TECH
273, 15, 165, 0, 175, 0:0, 0:1, NO_TECH
273, 16, 170, 0, 322, 0:0, 0:1, NO_TECH
273, 20, 175, 0, 340, 0:0, 0:1, NO_TECH
273, 21, 160, 0, 170, 0:0, 0:1, NO_TECH
273, 22, 305, 0, 0, 0:0, 0:1, NO_TECH
273, 24, 245, 0, 255, 0:0, 0:1, NO_TECH
274, 0, 235, 0, 2400, 1:2, 1:3, NO_TECH
274, 1, 2610, 450, 540, 4:0, 1:3, NO_TECH
274, 2, 900, 90, 180, 2:0, 1:1, TECH_GUIDANCE_SYSTEMS
274, 4, 1170, 180, 630, 2:0, 1:3, TECH_GUIDANCE_SYSTEMS
274, 5, 900, 270, 0, 3:0, 1:3, NO_TECH
274, 6, 270, 90, 540, 4:0, 1:3, NO_TECH
274, 7, 1555, 450, 175, 1:0, 1:3, TECH_GUIDANCE_SYSTEMS
274, 9, 0, 0, 0, 0:0, 0:1, NO_TECH
274, 10, 85, 0, 0, 0:0, 0:1, NO_TECH
274, 12, 0, 0, 305, 0:0, 0:1, NO_TECH
274, 14, 85, 0, 885, 0:0, 0:1, NO_TECH
274, 15, 165, 0, 175, 0:0, 0:1, NO_TECH
274, 16, 170, 0, 322, 0:0, 0:1, NO_TECH
274, 20, 175, 0, 255, 0:0, 0:1, NO_TECH
274, 21, 160, 0, 170, 0:0, 0:1, NO_TECH
274, 22, 305, 0, 0, 0:0, 0:1, NO_TECH
274, 24, 245, 0, 255, 0:0, 0:1, NO_TECH
275, 0, 235, 0, 2370, 1:2, 1:3, NO_TECH
275, 1, 2610, 0, 450, 4:0, 1:3, NO_TECH
275, 2, 900, 90, 180, 2:0, 1:1, TECH_GUIDANCE_SYSTEMS
275, 4, 1080, 450, 630, 2:0, 1:3, TECH_GUIDANCE_SYSTEMS
275, 5, 630, 0, 270, 2:0, 1:3, NO_TECH
275, 6, 270, 180, 540, 4:0, 1:3, NO_TECH
275, 7, 1385, 0, 450, 1:0, 1:3, TECH_GUIDANCE_SYSTEMS
275, 9, 0, 0, 0, 0:0, 0:1, NO_TECH
275, 10, 85, 0, 210, 0:0, 0:1, NO_TECH
275, 12, 0, 0, 305, 0:0, 0:1, NO_TECH
275, 14, 85, 0, 870, 0:0, 0:1, NO_TECH
275, 15, 165, 0, 260, 0:0, 0:1, NO_TECH
275, 16, 170, 0, 322, 0:0, 0:1, NO_TECH
275, 20, 175, 0, 255, 0:0, 0:1, NO_TECH
275, 21, 230, 0, 170, 0:0, 0:1, NO_TECH
275, 22, 305, 0, 0, 0:0, 0:1, NO_TECH
275, 24, 245, 0, 255, 0:0, 0:1, NO_TECH
276, 0, 235, 180, 2310, 1:2, 1:3, TECH_STEALTH_TECHNOLOGY
276, 1, 2610, 0, 540, 4:0, 1:3, NO_TECH
276, 2, 990, 90, 270, 3:0, 1:3, TECH_GUIDANCE_SYSTEMS
276, 4, 1080, 630, 630, 1:0, 1:3, TECH_GUIDANCE_SYSTEMS
276, 5, 540, 0, 270, 1:0, 1:3, NO_TECH
276, 6, 270, 180, 540, 3:0, 1:3, NO_TECH
276, 7, 1385, 0, 450, 1:0, 1:3, TECH_GUIDANCE_SYSTEMS
276, 9, 85, 0, 0, 0:0, 0:1, NO_TECH
276, 10, 85, 0, 210, 0:0, 0:1, NO_TECH
276, 12, 0, 0, 305, 0:0, 0:1, NO_TECH
276, 14, 85, 0, 785, 0:0, 0:1, NO_TECH
276, 15, 165, 0, 360, 0:0, 0:1, NO_TECH
276, 16, 170, 0, 322, 0:0, 0:1, NO_TECH
276, 20, 85, 0, 255, 0:0, 0:1, NO_TECH
276, 21, 160, 0, 170, 0:0, 0:1, NO_TECH
276, 22, 305, 0, 0, 0:0, 0:1, NO_TECH
276, 24, 245, 0, 255, 0:0, 0:1, NO_TECH
277, 0, 235, 270, 2490, 1:2, 1:3, TECH_STEALTH_TECHNOLOGY
277, 1, 2520, 0, 540, 4:0, 1:3, NO_TECH
277, 2, 990, 90, 270, 3:0, 1:3, TECH_GUIDANCE_SYSTEMS
277, 4, 990, 540, 450, 2:0, 1:3, TECH_GUIDANCE_SYSTEMS
277, 5, 540, 0, 270, 1:0, 1:3, NO_TECH
277, 6, 270, 180, 540, 2:0, 1:3, NO_TECH
277, 7, 1385, 0, 450, 1:0, 1:3, TECH_GUIDANCE_SYSTEMS
277, 9, 0, 0, 0, 0:0, 0:1, NO_TECH
277, 10, 85, 0, 210, 0:0, 0:1, NO_TECH
277, 12, 0, 0, 230, 0:0, 0:1, NO_TECH
277, 14, 85, 0, 785, 0:0, 0:1, NO_TECH
277, 15, 165, 0, 360, 0:0, 0:1, NO_TECH
277, 16, 85, 0, 322, 0:0, 0:1, NO_TECH
277, 20, 175, 0, 255, 0:0, 0:1, NO_TECH
277, 21, 160, 0, 170, 0:0, 0:1, NO_TECH
277, 22, 305, 0, 0, 0:0, 0:1, NO_TECH
277, 24, 245, 0, 345, 0:0, 0:1, NO_TECH
278, 0, 235, 270, 2570, 1:2, 1:3, NO_TECH
