Game Turn, Attacking Civ, DefendingCiv, AttackerObjType, DefenderObjType, Attacker Type, Defender Type, AttackerID, DefenderID, AttackerStr, DefenderStr, AttackerStrMod, DefenderStrMod, AttackerDmg, DefenderDmg
182, 2, 6, 3:1, 196610:14942223, DISTRICT_CITY_CENTER, DISTRICT_CITY_CENTER, 80, 87, 3, 11, 0, 14
182, 5, 6, 1:1, 11796520:13303847, UNIT_IRONCLAD, UNIT_BRAZILIAN_MINAS_GERAES, 60, 70, 1, 1, 35, 18
182, 6, 2, 3:1, 2555940:9437217, DISTRICT_ENCAMPMENT, DISTRICT_ENCAMPMENT, 97, 70, 3, -5, 0, 100
183, 2, 6, 3:1, 2424866:9306113, DISTRICT_CITY_CENTER, DISTRICT_CITY_CENTER, 80, 65, 3, 6, 0, 43
183, 5, 6, 1:1, 8716353:13303847, UNIT_FRIGATE, UNIT_BRAZILIAN_MINAS_GERAES, 55, 70, 3, 3, 0, 18
183, 5, 6, 1:1, 8257579:13303847, UNIT_FRIGATE, UNIT_BRAZILIAN_MINAS_GERAES, 55, 70, 3, 1, 0, 18
184, 5, 6, 1:1, 8257579:13303847, UNIT_FRIGATE, UNIT_BRAZILIAN_MINAS_GERAES, 55, 70, 3, -1, 0, 15
184, 5, 6, 1:1, 8716353:13303847, UNIT_FRIGATE, UNIT_BRAZILIAN_MINAS_GERAES, 55, 70, 3, -2, 0, 18
184, 5, 6, 1:1, 11796520:13303847, UNIT_IRONCLAD, UNIT_BRAZILIAN_MINAS_GERAES, 60, 70, 9, -4, 23, 33
185, 2, 6, 1:1, 8257546:16580648, UNIT_AT_CREW, UNIT_KNIGHT, 70, 48, 17, 20, 11, 55
185, 2, 6, 3:1, 196610:15925260, DISTRICT_CITY_CENTER, DISTRICT_CITY_CENTER, 80, 87, 3, 0, 0, 22
185, 5, 63, 1:1, 3801115:14680287, UNIT_KNIGHT, UNIT_SCOUT, 65, 10, 7, 3, 2, 100
186, 2, 6, 3:1, 262147:16580648, DISTRICT_CITY_CENTER, DISTRICT_CITY_CENTER, 80, 48, 2, -2, 0, 100
186, 5, 6, 1:1, 8716353:12845107, UNIT_FRIGATE, UNIT_BRAZILIAN_MINAS_GERAES, 55, 87, 3, 13, 0, 5
186, 5, 6, 1:1, 8257579:12845107, UNIT_FRIGATE, UNIT_BRAZILIAN_MINAS_GERAES, 55, 87, 3, 13, 0, 5
186, 5, 6, 1:1, 11796520:12845107, UNIT_IRONCLAD, UNIT_BRAZILIAN_MINAS_GERAES, 60, 87, 7, 14, 100, 7
187, 2, 6, 1:1, 10551329:15597597, UNIT_AT_CREW, UNIT_CROSSBOWMAN, 70, 30, 9, 5, 6, 100
187, 2, 6, 3:1, 262147:16711735, DISTRICT_CITY_CENTER, DISTRICT_CITY_CENTER, 80, 48, 2, 3, 0, 100
187, 5, 63, 1:1, 3801115:14614750, UNIT_KNIGHT, UNIT_AT_CREW, 65, 70, 13, 16, 41, 23
187, 5, 6, 1:1, 8716353:15925260, UNIT_FRIGATE, UNIT_BRAZILIAN_MINAS_GERAES, 55, 87, 3, 7, 0, 8
187, 5, 6, 1:1, 8257579:15925260, UNIT_FRIGATE, UNIT_BRAZILIAN_MINAS_GERAES, 55, 87, 3, 7, 0, 8
188, 2, 6, 1:1, 10551329:13697045, UNIT_AT_CREW, UNIT_KNIGHT, 70, 58, 20, 3, 9, 100
188, 2, 6, 3:1, 2949161:15925260, DISTRICT_ENCAMPMENT, DISTRICT_ENCAMPMENT, 80, 87, 3, -4, 0, 30
188, 5, 63, 1:1, 3801115:14614750, UNIT_KNIGHT, UNIT_AT_CREW, 65, 70, 9, 14, 52, 18
188, 6, 2, 3:1, 2555940:10551329, DISTRICT_ENCAMPMENT, DISTRICT_ENCAMPMENT, 97, 70, 3, 2, 0, 100
188, 63, 5, 1:1, 14614750:3801115, UNIT_AT_CREW, UNIT_KNIGHT, 70, 65, 6, -6, 17, 65
189, 2, 6, 3:1, 196610:7798830, DISTRICT_CITY_CENTER, DISTRICT_CITY_CENTER, 80, 87, 3, 13, 0, 15
189, 5, 63, 1:1, 4456480:14614750, UNIT_KNIGHT, UNIT_AT_CREW, 58, 70, 3, 4, 49, 21
190, 2, 6, 3:1, 196610:7798830, DISTRICT_CITY_CENTER, DISTRICT_CITY_CENTER, 80, 87, 3, 13, 0, 18
190, 5, 63, 1:1, 4456480:14614750, UNIT_KNIGHT, UNIT_AT_CREW, 58, 70, 0, 4, 61, 13
190, 5, 63, 1:1, 3538967:14614750, UNIT_KNIGHT, UNIT_AT_CREW, 58, 70, 3, 3, 49, 18
190, 63, 5, 1:1, 14745824:3538967, UNIT_CROSSBOWMAN, UNIT_KNIGHT, 40, 58, 0, -2, 0, 15
191, 2, 6, 3:1, 196610:5177378, DISTRICT_CITY_CENTER, DISTRICT_CITY_CENTER, 80, 87, 3, 3, 0, 27
191, 2, 63, 3:1, 1376276:14876898, DISTRICT_ENCAMPMENT, DISTRICT_ENCAMPMENT, 80, 85, 2, 0, 0, 26
191, 2, 63, 3:1, 262147:15073509, DISTRICT_CITY_CENTER, DISTRICT_CITY_CENTER, 80, 43, 2, 0, 0, 100
191, 2, 7, 1:1, 9502751:14221389, UNIT_APOSTLE, UNIT_MISSIONARY, 110, 100, 8, 13, 21, 32
191, 63, 5, 1:1, 14745824:3538967, UNIT_CROSSBOWMAN, UNIT_KNIGHT, 40, 58, 0, 0, 0, 16
192, 1, 63, 1:1, 15990795:15007972, UNIT_JET_BOMBER, UNIT_MECHANIZED_INFANTRY, 100, 85, -14, 0, 0, 35
192, 1, 63, 1:1, 15728675:15007972, UNIT_JET_BOMBER, UNIT_MECHANIZED_INFANTRY, 100, 85, -14, -3, 0, 38
192, 2, 6, 3:1, 196610:5177378, DISTRICT_CITY_CENTER, DISTRICT_CITY_CENTER, 80, 87, 3, 0, 0, 24
192, 2, 63, 3:1, 1376276:14876898, DISTRICT_ENCAMPMENT, DISTRICT_ENCAMPMENT, 80, 85, 2, -3, 0, 25
192, 2, 63, 3:1, 262147:15007972, DISTRICT_CITY_CENTER, DISTRICT_CITY_CENTER, 80, 85, 2, -7, 0, 36
192, 63, 5, 1:1, 14745824:3538967, UNIT_CROSSBOWMAN, UNIT_KNIGHT, 40, 58, 0, 3, 0, 14
193, 2, 63, 3:1, 196610:14876898, DISTRICT_CITY_CENTER, DISTRICT_CITY_CENTER, 80, 85, 3, -5, 0, 34
193, 2, 63, 3:1, 1376276:14876898, DISTRICT_ENCAMPMENT, DISTRICT_ENCAMPMENT, 80, 85, 2, -8, 0, 39
193, 2, 63, 3:1, 262147:14942435, DISTRICT_CITY_CENTER, DISTRICT_CITY_CENTER, 80, 85, 2, 0, 0, 31
193, 2, 6, 1:1, 11010066:14942223, UNIT_BOMBER, UNIT_BRAZILIAN_MINAS_GERAES, 90, 75, -10, 3, 23, 29
193, 5, 63, 1:1, 3538967:14745824, UNIT_KNIGHT, UNIT_CROSSBOWMAN, 58, 30, -1, 0, 11, 90
193, 63, 5, 1:1, 14745824:3538967, UNIT_CROSSBOWMAN, UNIT_KNIGHT, 40, 58, -9, -2, 0, 11
194, 2, 63, 1:1, 10223625:14942435, UNIT_AT_CREW, UNIT_MECHANIZED_INFANTRY, 70, 85, 11, 7, 41, 21
194, 2, 6, 3:1, 196610:14942223, DISTRICT_CITY_CENTER, DISTRICT_CITY_CENTER, 80, 87, 3, 3, 0, 23
194, 2, 63, 3:1, 1376276:14942435, DISTRICT_ENCAMPMENT, DISTRICT_ENCAMPMENT, 80, 85, 2, -5, 0, 38
194, 2, 63, 3:1, 262147:14942435, DISTRICT_CITY_CENTER, DISTRICT_CITY_CENTER, 80, 85, 2, -9, 0, 37
194, 2, 6, 1:1, 11010066:14942223, UNIT_BOMBER, UNIT_BRAZILIAN_MINAS_GERAES, 90, 75, -15, 1, 27, 30
194, 5, 63, 1:1, 17760323:14811361, UNIT_INFANTRY, UNIT_SCOUT, 80, 10, 5, 0, 2, 100
194, 63, 5, 1:1, 14745824:3538967, UNIT_CROSSBOWMAN, UNIT_KNIGHT, 40, 58, -9, -1, 0, 11
195, 6, 14, 1:1, 6225929:2031617, UNIT_CROSSBOWMAN, UNIT_MUSKETMAN, 57, 55, 13, 3, 0, 48
195, 6, 14, 1:1, 9961507:2162696, UNIT_CROSSBOWMAN, UNIT_CROSSBOWMAN, 50, 40, 18, 0, 0, 100
195, 6, 14, 1:1, 11272228:393220, UNIT_CROSSBOWMAN, UNIT_WARRIOR, 40, 20, 8, 0, 0, 78
195, 6, 5, 1:1, 19202109:21168153, UNIT_APOSTLE, UNIT_MISSIONARY, 110, 100, 8, 8, 22, 43
195, 14, 6, 1:1, 2359310:11272228, UNIT_CROSSBOWMAN, UNIT_CROSSBOWMAN, 50, 30, 0, 3, 0, 54
195, 14, 6, 1:1, 2228233:12320781, UNIT_MUSKETMAN, UNIT_MUSKETMAN, 65, 55, 11, 7, 14, 47
195, 14, 6, 1:1, 2555920:11272228, UNIT_PIKEMAN, UNIT_CROSSBOWMAN, 51, 30, 4, -2, 11, 70
195, 14, 6, 3:1, 65536:4325406, DISTRICT_CITY_CENTER, DISTRICT_CITY_CENTER, 50, 36, 0, 3, 0, 38
195, 63, 5, 1:1, 14745824:3538967, UNIT_CROSSBOWMAN, UNIT_KNIGHT, 40, 58, -9, 3, 0, 9
196, 2, 6, 1:1, 8257546:19922970, UNIT_AT_CREW, UNIT_CATAPULT, 70, 23, 9, 13, 6, 100
196, 2, -1, 1:0, 11206658:-1, UNIT_BOMBER, UNKNOWN, 65, 64, 0, 0, 0, 0
196, 2, -1, 1:0, 11010066:-1, UNIT_BOMBER, UNKNOWN, 65, 64, 0, 0, 0, 0
196, 5, 63, 1:1, 3538967:14745824, UNIT_KNIGHT, UNIT_CROSSBOWMAN, 58, 30, 2, -9, 7, 100
196, 6, 14, 1:1, 10485807:1835025, UNIT_CROSSBOWMAN, UNIT_CROSSBOWMAN, 50, 40, 8, 0, 0, 57
196, 6, 14, 1:1, 9961507:393220, UNIT_CROSSBOWMAN, UNIT_WARRIOR, 50, 20, 8, -8, 0, 100
196, 6, 14, 1:1, 12320781:1835025, UNIT_MUSKETMAN, UNIT_CROSSBOWMAN, 55, 40, 7, 3, 11, 67
196, 6, 2, 3:1, 2555940:10223625, DISTRICT_ENCAMPMENT, DISTRICT_ENCAMPMENT, 97, 70, 3, 0, 0, 100
196, 6, 7, 1:1, 19202109:14221389, UNIT_APOSTLE, UNIT_MISSIONARY, 110, 100, 8, 9, 25, 37
196, 14, 6, 1:1, 2621450:9961507, UNIT_CROSSBOWMAN, UNIT_CROSSBOWMAN, 40, 40, 0, 3, 0, 22
196, 14, 6, 1:1, 2424847:4325406, UNIT_CROSSBOWMAN, UNIT_HORSEMAN, 50, 36, 0, -1, 0, 43
196, 14, 6, 1:1, 2555920:4325406, UNIT_PIKEMAN, UNIT_HORSEMAN, 51, 36, 13, -3, 7, 100
196, 14, 6, 3:1, 65536:9961507, DISTRICT_CITY_CENTER, DISTRICT_CITY_CENTER, 50, 40, 0, 1, 0, 41
197, 2, 6, 1:1, 11206658:7798830, UNIT_BOMBER, UNIT_BRAZILIAN_MINAS_GERAES, 90, 75, -10, 13, 46, 23
197, 2, 6, 1:1, 11010066:7798830, UNIT_BOMBER, UNIT_BRAZILIAN_MINAS_GERAES, 90, 75, -3, 11, 23, 26
197, 2, 6, 1:1, 11337750:7798830, UNIT_BOMBER, UNIT_BRAZILIAN_MINAS_GERAES, 90, 75, -10, 8, 28, 25
197, 6, 14, 1:1, 6225929:2555920, UNIT_CROSSBOWMAN, UNIT_PIKEMAN, 57, 51, 23, -2, 0, 90
197, 6, 14, 1:1, 10485807:2424847, UNIT_CROSSBOWMAN, UNIT_CROSSBOWMAN, 50, 40, 8, 0, 0, 61
197, 6, 14, 1:1, 9306113:2424847, UNIT_KNIGHT, UNIT_CROSSBOWMAN, 65, 40, 5, -4, 9, 100
197, 6, 2, 1:1, 18743308:8257546, UNIT_AT_CREW, UNIT_AT_CREW, 80, 70, 13, 2, 14, 56
197, 6, 5, 1:1, 19202109:21168153, UNIT_APOSTLE, UNIT_MISSIONARY, 110, 100, 8, 10, 22, 40
197, 14, 6, 1:1, 2621450:10485807, UNIT_CROSSBOWMAN, UNIT_CROSSBOWMAN, 40, 40, 0, 3, 0, 29
197, 14, 6, 1:1, 2359310:18874371, UNIT_CROSSBOWMAN, UNIT_AT_CREW, 50, 70, 0, 3, 0, 14
197, 14, 6, 1:1, 1703941:18874371, UNIT_PIKEMAN, UNIT_AT_CREW, 51, 70, 6, 2, 51, 16
197, 14, 6, 3:1, 65536:10485807, DISTRICT_CITY_CENTER, DISTRICT_CITY_CENTER, 50, 40, 0, 0, 0, 43
198, 0, 7, 1:1, 5963778:15532057, UNIT_APOSTLE, UNIT_GURU, 110, 90, 0, 30, 50, 23
198, 2, 6, 1:1, 10944527:20447303, UNIT_AT_CREW, UNIT_FIELD_CANNON, 70, 50, 9, 13, 15, 52
198, 6, 14, 1:1, 6225929:2359310, UNIT_CROSSBOWMAN, UNIT_CROSSBOWMAN, 57, 40, 3, 0, 0, 59
198, 6, 14, 1:1, 18874371:2359310, UNIT_AT_CREW, UNIT_CROSSBOWMAN, 70, 40, 0, -4, 8, 100
198, 6, 14, 1:1, 12320781:2031617, UNIT_MUSKETMAN, UNIT_MUSKETMAN, 55, 55, 4, 4, 26, 34
198, 14, 6, 1:1, 2621450:12320781, UNIT_CROSSBOWMAN, UNIT_MUSKETMAN, 40, 55, 0, -2, 0, 20
198, 14, 6, 1:1, 1703941:9306113, UNIT_PIKEMAN, UNIT_KNIGHT, 51, 65, 5, 2, 46, 18
198, 14, 6, 3:1, 65536:6225929, DISTRICT_CITY_CENTER, DISTRICT_CITY_CENTER, 50, 47, 0, 13, 0, 20
199, 6, 14, 1:1, 9961507:1703941, UNIT_CROSSBOWMAN, UNIT_PIKEMAN, 50, 51, 12, -10, 0, 75
199, 6, 2, 1:1, 18743308:8257546, UNIT_AT_CREW, UNIT_AT_CREW, 80, 70, 16, 1, 11, 76
199, 14, 6, 1:1, 2621450:20906007, UNIT_CROSSBOWMAN, UNIT_FIELD_CANNON, 40, 60, 0, 3, 0, 10
199, 14, 6, 1:1, 2031617:20906007, UNIT_MUSKETMAN, UNIT_FIELD_CANNON, 55, 60, -1, 4, 48, 23
199, 14, 6, 3:1, 65536:20906007, DISTRICT_CITY_CENTER, DISTRICT_CITY_CENTER, 50, 60, 0, 0, 0, 24
199, 63, 4, 1:1, 15139046:655367, UNIT_AT_CREW, UNIT_SCOUT, 70, 10, 0, 3, 3, 100
200, 0, 7, 1:1, 5963778:15532057, UNIT_APOSTLE, UNIT_GURU, 110, 90, -5, 32, 47, 17
200, 6, 14, 1:1, 9306113:2621450, UNIT_KNIGHT, UNIT_CROSSBOWMAN, 65, 30, 3, 2, 7, 100
200, 14, 6, 1:1, 2031617:18874371, UNIT_MUSKETMAN, UNIT_AT_CREW, 55, 70, 4, 1, 47, 20
200, 14, 6, 3:1, 65536:9306113, DISTRICT_CITY_CENTER, DISTRICT_CITY_CENTER, 50, 65, 0, 0, 0, 14
201, 14, 6, 3:1, 65536:18874371, DISTRICT_CITY_CENTER, DISTRICT_CITY_CENTER, 50, 70, 0, -3, 0, 12
202, 4, 63, 1:1, 16711742:15270120, UNIT_MECHANIZED_INFANTRY, UNIT_MECHANIZED_INFANTRY, 85, 85, 7, 2, 23, 32
202, 6, 14, 1:1, 9306113:1245195, UNIT_KNIGHT, UNIT_ARCHER, 65, 25, -1, 0, 7, 100
202, 14, 6, 3:1, 65536:19726401, DISTRICT_CITY_CENTER, DISTRICT_CITY_CENTER, 50, 23, 0, 3, 0, 87
202, 63, 7, 1:1, 15139046:13107259, UNIT_AT_CREW, UNIT_MUSKETMAN, 70, 55, 2, 13, 23, 28
202, 63, 7, 1:1, 15270120:13107259, UNIT_MECHANIZED_INFANTRY, UNIT_MUSKETMAN, 85, 55, -1, 0, 10, 79
203, 0, 7, 1:1, 5963778:15532057, UNIT_APOSTLE, UNIT_GURU, 110, 90, -10, 34, 80, 12
203, 2, 6, 1:1, 11206658:18743308, UNIT_BOMBER, UNIT_AT_CREW, 90, 80, -10, 14, 0, 15
203, 2, 6, 1:1, 11010066:18743308, UNIT_BOMBER, UNIT_AT_CREW, 90, 80, -10, 12, 0, 19
203, 2, 6, 1:1, 11337750:18743308, UNIT_BOMBER, UNIT_AT_CREW, 90, 80, -10, 10, 0, 20
203, 2, 6, 1:1, 12255258:18743308, UNIT_BOMBER, UNIT_AT_CREW, 90, 80, -10, 8, 0, 25
203, 4, 63, 1:1, 16711742:15139046, UNIT_MECHANIZED_INFANTRY, UNIT_AT_CREW, 85, 70, 15, 1, 10, 88
203, 6, 63, 3:1, 3735604:15204583, DISTRICT_CITY_CENTER, DISTRICT_CITY_CENTER, 97, 10, 3, 0, 0, 100
203, 14, 6, 3:1, 65536:19726401, DISTRICT_CITY_CENTER, DISTRICT_CITY_CENTER, 50, 23, 0, -6, 0, 100
203, 63, 4, 1:1, 15270120:16711742, UNIT_MECHANIZED_INFANTRY, UNIT_MECHANIZED_INFANTRY, 85, 85, -2, 0, 33, 24
203, 63, 4, 1:1, 15335657:16711742, UNIT_MECHANIZED_INFANTRY, UNIT_MECHANIZED_INFANTRY, 85, 85, 2, -3, 20, 35
204, 2, 6, 1:1, 11010066:14942223, UNIT_BOMBER, UNIT_BRAZILIAN_MINAS_GERAES, 90, 75, -3, 13, 28, 32
204, 2, 6, 1:1, 12255258:14942223, UNIT_BOMBER, UNIT_BRAZILIAN_MINAS_GERAES, 90, 75, -10, 10, 33, 27
204, 14, 6, 3:1, 65536:20185155, DISTRICT_CITY_CENTER, DISTRICT_CITY_CENTER, 50, 23, 0, 3, 0, 84
204, 63, 4, 1:1, 15270120:16711742, UNIT_MECHANIZED_INFANTRY, UNIT_MECHANIZED_INFANTRY, 85, 85, -5, -1, 40, 29
204, 63, 4, 1:1, 15335657:16711742, UNIT_MECHANIZED_INFANTRY, UNIT_MECHANIZED_INFANTRY, 85, 85, -2, -4, 29, 32
204, 63, 1, 1:1, 15466731:7798796, UNIT_RANGER, UNIT_CATAPULT, 60, 55, 0, 0, 0, 35
205, 2, 6, 1:1, 11206658:20250692, UNIT_BOMBER, UNIT_FIELD_CANNON, 90, 67, -10, 13, 0, 28
205, 2, 6, 1:1, 11010066:14942223, UNIT_BOMBER, UNIT_BRAZILIAN_MINAS_GERAES, 90, 75, -9, 13, 36, 22
205, 2, 6, 1:1, 11337750:20250692, UNIT_BOMBER, UNIT_FIELD_CANNON, 90, 67, -10, 10, 0, 31
205, 14, 6, 3:1, 65536:20185155, DISTRICT_CITY_CENTER, DISTRICT_CITY_CENTER, 50, 23, 0, -5, 0, 100
206, 2, 6, 3:1, 196610:18677781, DISTRICT_CITY_CENTER, DISTRICT_CITY_CENTER, 80, 87, 3, 3, 0, 24
206, 2, 6, 1:1, 11206658:18677781, UNIT_BOMBER, UNIT_BRAZILIAN_MINAS_GERAES, 90, 75, -3, 1, 22, 44
206, 2, 6, 1:1, 11337750:18677781, UNIT_BOMBER, UNIT_BRAZILIAN_MINAS_GERAES, 90, 75, -3, -4, 15, 44
206, 14, 6, 3:1, 65536:12451873, DISTRICT_CITY_CENTER, DISTRICT_CITY_CENTER, 50, 43, 0, 3, 0, 36
207, 2, 6, 3:1, 196610:22413372, DISTRICT_CITY_CENTER, DISTRICT_CITY_CENTER, 80, 55, 3, 0, 0, 100
207, 6, 63, 3:1, 3735604:15335657, DISTRICT_CITY_CENTER, DISTRICT_CITY_CENTER, 97, 85, 3, -5, 0, 59
207, 14, 6, 3:1, 65536:12451873, DISTRICT_CITY_CENTER, DISTRICT_CITY_CENTER, 50, 43, 0, -1, 0, 38
207, 63, 5, 1:1, 15466731:5963789, UNIT_RANGER, UNIT_CROSSBOWMAN, 60, 72, 0, 0, 0, 22
208, 2, 6, 1:1, 11206658:18808861, UNIT_BOMBER, UNIT_AT_CREW, 90, 70, -14, 13, 0, 26
208, 2, 6, 1:1, 11337750:18808861, UNIT_BOMBER, UNIT_AT_CREW, 90, 70, -10, 10, 0, 33
208, 14, 6, 3:1, 65536:22151244, DISTRICT_CITY_CENTER, DISTRICT_CITY_CENTER, 50, 60, 0, 3, 0, 15
208, 63, 5, 1:1, 15466731:5963789, UNIT_RANGER, UNIT_CROSSBOWMAN, 60, 47, 0, 1, 0, 50
209, 2, 6, 1:1, 11206658:18808861, UNIT_BOMBER, UNIT_AT_CREW, 90, 70, -14, 10, 0, 28
209, 2, 6, 1:1, 11010066:18808861, UNIT_BOMBER, UNIT_AT_CREW, 90, 70, 2, 7, 0, 44
209, 14, 6, 3:1, 65536:22151244, DISTRICT_CITY_CENTER, DISTRICT_CITY_CENTER, 50, 60, 0, 2, 0, 22
209, 63, 5, 1:1, 15466731:5963789, UNIT_RANGER, UNIT_CROSSBOWMAN, 60, 47, 0, -1, 0, 59
210, 2, 6, 1:1, 11337750:20250692, UNIT_BOMBER, UNIT_FIELD_CANNON, 90, 67, -10, 13, 0, 32
210, 2, 6, 1:1, 12255258:20250692, UNIT_BOMBER, UNIT_FIELD_CANNON, 90, 67, -10, 10, 0, 28
210, 2, 6, 1:1, 12845095:20250692, UNIT_BOMBER, UNIT_FIELD_CANNON, 90, 67, -10, 7, 0, 42
210, 6, 63, 3:1, 3735604:15532268, DISTRICT_CITY_CENTER, DISTRICT_CITY_CENTER, 97, 85, 3, 3, 0, 51
210, 14, 6, 3:1, 65536:18874371, DISTRICT_CITY_CENTER, DISTRICT_CITY_CENTER, 50, 70, 0, 3, 0, 14
210, 14, 6, 1:1, 2228233:18874371, UNIT_MUSKETMAN, UNIT_AT_CREW, 65, 70, 17, 12, 32, 25
210, 63, 5, 1:1, 15466731:2555910, UNIT_RANGER, UNIT_SCOUT, 60, 10, 0, 1, 0, 100
211, 2, 6, 1:1, 11206658:23986176, UNIT_BOMBER, UNIT_MECHANIZED_INFANTRY, 90, 85, 2, 16, 0, 24
211, 2, 6, 1:1, 11010066:23986176, UNIT_BOMBER, UNIT_MECHANIZED_INFANTRY, 90, 85, 2, 14, 0, 22
211, 2, 6, 1:1, 12255258:21626954, UNIT_BOMBER, UNIT_FIELD_CANNON, 90, 60, -10, 23, 0, 22
211, 2, 6, 1:1, 12845095:21626954, UNIT_BOMBER, UNIT_FIELD_CANNON, 90, 60, -10, 21, 0, 34
211, 5, 2, 1:1, 24838202:9502751, UNIT_APOSTLE, UNIT_APOSTLE, 110, 110, 8, 10, 28, 31
211, 6, 14, 1:1, 18874371:2228233, UNIT_AT_CREW, UNIT_MUSKETMAN, 70, 65, 11, 7, 25, 39
211, 6, 63, 3:1, 3735604:15532268, DISTRICT_CITY_CENTER, DISTRICT_CITY_CENTER, 97, 85, 3, -5, 0, 52
211, 14, 6, 3:1, 65536:18874371, DISTRICT_CITY_CENTER, DISTRICT_CITY_CENTER, 50, 70, 0, -2, 0, 12
211, 63, 6, 1:1, 15466731:24248360, UNIT_RANGER, UNIT_BRAZILIAN_MINAS_GERAES, 60, 70, 0, 3, 0, 17
212, 2, 6, 3:1, 196610:14942223, DISTRICT_CITY_CENTER, DISTRICT_CITY_CENTER, 80, 87, 3, 1, 0, 26
212, 2, 6, 1:1, 11206658:14942223, UNIT_BOMBER, UNIT_BRAZILIAN_MINAS_GERAES, 90, 75, -3, -2, 15, 55
212, 4, 63, 1:1, 18939929:15663342, UNIT_MACHINE_GUN, UNIT_MECHANIZED_INFANTRY, 85, 85, 7, 0, 0, 32
212, 4, 63, 1:1, 18153495:15466731, UNIT_MECHANIZED_INFANTRY, UNIT_RANGER, 102, 45, 7, 9, 4, 100
212, 14, 6, 3:1, 65536:18874371, DISTRICT_CITY_CENTER, DISTRICT_CITY_CENTER, 50, 70, 0, -3, 0, 12
212, 63, 4, 1:1, 15401194:18153495, UNIT_AT_CREW, UNIT_MECHANIZED_INFANTRY, 70, 102, 4, 13, 100, 7
212, 63, 4, 1:1, 15728879:6029312, UNIT_MECHANIZED_INFANTRY, UNIT_CAVALRY, 85, 62, 2, 3, 12, 61
212, 63, 4, 1:1, 15597805:6029312, UNIT_MECHANIZED_INFANTRY, UNIT_CAVALRY, 85, 62, 2, -3, 11, 81
212, 63, 4, 1:1, 15663342:18939929, UNIT_MECHANIZED_INFANTRY, UNIT_MACHINE_GUN, 85, 75, -3, 8, 28, 32
213, 4, 63, 1:1, 18153495:15663342, UNIT_MECHANIZED_INFANTRY, UNIT_MECHANIZED_INFANTRY, 102, 85, 6, -4, 11, 83
213, 5, 7, 1:1, 25755669:14745600, UNIT_APOSTLE, UNIT_MISSIONARY, 110, 100, 8, 13, 21, 36
213, 14, 6, 3:1, 65536:18874371, DISTRICT_CITY_CENTER, DISTRICT_CITY_CENTER, 50, 70, 0, -3, 0, 13
213, 63, 5, 1:1, 15794416:21102671, UNIT_MECHANIZED_INFANTRY, UNIT_AT_CREW, 85, 70, 12, 3, 9, 64
214, 2, 6, 1:1, 11206658:23986176, UNIT_BOMBER, UNIT_MECHANIZED_INFANTRY, 90, 85, 2, 13, 0, 19
214, 2, 6, 1:1, 11010066:23986176, UNIT_BOMBER, UNIT_MECHANIZED_INFANTRY, 90, 85, 2, 11, 0, 22
214, 2, 6, 1:1, 11337750:23986176, UNIT_BOMBER, UNIT_MECHANIZED_INFANTRY, 90, 85, 2, 9, 0, 24
214, 2, 6, 1:1, 12255258:22937650, UNIT_BOMBER, UNIT_FIELD_CANNON, 90, 67, -10, 23, 0, 19
214, 2, 6, 1:1, 12845095:23986176, UNIT_BOMBER, UNIT_MECHANIZED_INFANTRY, 90, 85, -10, 6, 0, 17
214, 2, -1, 1:0, 13500457:-1, UNIT_BOMBER, UNKNOWN, 65, 85, 0, 6, 0, 0
214, 4, 63, 1:1, 18153495:15794416, UNIT_MECHANIZED_INFANTRY, UNIT_MECHANIZED_INFANTRY, 102, 85, 5, 4, 16, 70
214, 5, 2, 1:1, 25755669:9502751, UNIT_APOSTLE, UNIT_APOSTLE, 110, 110, 5, 4, 25, 27
214, 6, 63, 3:1, 3997752:15597805, DISTRICT_CITY_CENTER, DISTRICT_CITY_CENTER, 97, 85, 3, -1, 0, 49
214, 6, 63, 3:1, 3735604:15728879, DISTRICT_CITY_CENTER, DISTRICT_CITY_CENTER, 97, 85, 3, -1, 0, 58
214, 63, 5, 1:1, 15859953:21102671, UNIT_FIELD_CANNON, UNIT_AT_CREW, 60, 70, 0, 0, 0, 16
215, 2, 63, 1:1, 11534369:15991027, UNIT_AT_CREW, UNIT_MECHANIZED_INFANTRY, 70, 85, 13, 15, 56, 16
215, 2, 63, 1:1, 10944527:15925490, UNIT_AT_CREW, UNIT_MECHANIZED_INFANTRY, 70, 85, 23, 12, 30, 29
215, 2, 63, 3:1, 1376276:15925490, DISTRICT_ENCAMPMENT, DISTRICT_ENCAMPMENT, 80, 85, 2, -3, 0, 31
215, 2, 63, 3:1, 262147:16122101, DISTRICT_CITY_CENTER, DISTRICT_CITY_CENTER, 80, 43, 2, 0, 0, 100
215, 2, 6, 1:1, 11206658:10944564, UNIT_BOMBER, UNIT_MUSKETMAN, 90, 55, 2, 13, 0, 72
215, 2, 6, 1:1, 11010066:10944564, UNIT_BOMBER, UNIT_MUSKETMAN, 90, 55, 2, 6, 0, 100
215, 2, 63, 1:1, 11337750:15991027, UNIT_BOMBER, UNIT_MECHANIZED_INFANTRY, 90, 85, 2, 1, 0, 40
215, 2, 63, 1:1, 12845095:15925490, UNIT_BOMBER, UNIT_MECHANIZED_INFANTRY, 90, 85, -10, -6, 0, 28
215, 2, 63, 1:1, 13500457:15991027, UNIT_BOMBER, UNIT_MECHANIZED_INFANTRY, 90, 85, -10, -3, 0, 30
215, 2, 63, 1:1, 13959213:15991027, UNIT_BOMBER, UNIT_MECHANIZED_INFANTRY, 90, 85, -10, -6, 0, 36
215, 4, 63, 1:1, 18939929:15794416, UNIT_MACHINE_GUN, UNIT_MECHANIZED_INFANTRY, 85, 85, 4, -8, 0, 44
215, 4, 63, 1:1, 18153495:15859953, UNIT_MECHANIZED_INFANTRY, UNIT_FIELD_CANNON, 102, 50, 3, 0, 3, 100
215, 5, 2, 1:1, 25755669:9895972, UNIT_APOSTLE, UNIT_MISSIONARY, 110, 100, 3, 10, 30, 37
215, 6, 63, 3:1, 3735604:15728879, DISTRICT_CITY_CENTER, DISTRICT_CITY_CENTER, 97, 85, 3, -4, 0, 63
215, 63, 4, 1:1, 15597805:18153495, UNIT_MECHANIZED_INFANTRY, UNIT_MECHANIZED_INFANTRY, 85, 102, -6, -1, 82, 11
216, 1, 63, 1:1, 15990795:16056564, UNIT_JET_BOMBER, UNIT_MECHANIZED_INFANTRY, 100, 85, -14, 0, 0, 34
216, 1, 63, 1:1, 18219023:16056564, UNIT_JET_BOMBER, UNIT_MECHANIZED_INFANTRY, 100, 85, -14, -3, 0, 41
216, 1, 63, 1:1, 18546732:16056564, UNIT_JET_BOMBER, UNIT_MECHANIZED_INFANTRY, 100, 85, -14, -7, 0, 43
216, 2, 63, 1:1, 10944527:15925490, UNIT_AT_CREW, UNIT_MECHANIZED_INFANTRY, 70, 85, 6, 1, 42, 19
216, 5, 2, 1:1, 25755669:9895972, UNIT_APOSTLE, UNIT_MISSIONARY, 110, 100, 0, 4, 23, 33
216, 5, 7, 1:1, 28246096:21233702, UNIT_APOSTLE, UNIT_MISSIONARY, 110, 100, 28, 13, 11, 90
216, 6, 2, 3:1, 2555940:11534369, DISTRICT_ENCAMPMENT, DISTRICT_ENCAMPMENT, 97, 70, 3, -3, 0, 100
216, 14, 6, 3:1, 65536:18874371, DISTRICT_CITY_CENTER, DISTRICT_CITY_CENTER, 50, 70, 0, -3, 0, 13
216, 63, 5, 1:1, 16253175:26869853, UNIT_RANGER, UNIT_MECHANIZED_INFANTRY, 60, 95, 0, 6, 0, 7
217, 2, 6, 1:1, 10944527:22937650, UNIT_AT_CREW, UNIT_FIELD_CANNON, 70, 67, 2, 11, 45, 26
217, 2, 6, 1:1, 11403270:22937650, UNIT_MECHANIZED_INFANTRY, UNIT_FIELD_CANNON, 85, 67, 7, 19, 21, 42
217, 2, 6, 1:1, 13565994:22937650, UNIT_MECHANIZED_INFANTRY, UNIT_FIELD_CANNON, 85, 67, 9, 4, 11, 68
217, 2, -1, 1:0, 11206658:-1, UNIT_BOMBER, UNKNOWN, 65, 0, 0, 0, 0, 0
217, 5, 63, 1:1, 26869853:16253175, UNIT_MECHANIZED_INFANTRY, UNIT_RANGER, 95, 45, 2, 0, 3, 100
217, 6, 2, 1:1, 21299242:13565994, UNIT_MECHANIZED_INFANTRY, UNIT_MECHANIZED_INFANTRY, 85, 85, 13, 4, 22, 41
217, 6, 2, 3:1, 2555940:13565994, DISTRICT_ENCAMPMENT, DISTRICT_ENCAMPMENT, 97, 85, 3, -2, 0, 59
218, 2, 6, 3:1, 655369:21299242, DISTRICT_ENCAMPMENT, DISTRICT_ENCAMPMENT, 80, 85, 1, 11, 0, 18
218, 2, 6, 1:1, 11206658:21299242, UNIT_BOMBER, UNIT_MECHANIZED_INFANTRY, 90, 85, 2, 9, 0, 29
218, 2, 6, 1:1, 11010066:21299242, UNIT_BOMBER, UNIT_MECHANIZED_INFANTRY, 90, 85, 2, 6, 0, 29
218, 2, 6, 1:1, 11337750:21299242, UNIT_BOMBER, UNIT_MECHANIZED_INFANTRY, 90, 85, 2, 3, 0, 39
218, 5, 63, 1:1, 26869853:16187638, UNIT_MECHANIZED_INFANTRY, UNIT_AT_CREW, 95, 70, 12, 6, 9, 100
218, 6, 14, 1:1, 18874371:2228233, UNIT_AT_CREW, UNIT_MUSKETMAN, 70, 65, 12, 10, 19, 46
218, 6, 2, 3:1, 2555940:11403270, DISTRICT_ENCAMPMENT, DISTRICT_ENCAMPMENT, 97, 85, 3, 1, 0, 52
219, 6, 2, 3:1, 2555940:11403270, DISTRICT_ENCAMPMENT, DISTRICT_ENCAMPMENT, 97, 85, 3, -4, 0, 74
219, 14, 6, 3:1, 65536:18874371, DISTRICT_CITY_CENTER, DISTRICT_CITY_CENTER, 50, 70, 0, 0, 0, 12
220, 5, 7, 1:1, 28246096:19791971, UNIT_APOSTLE, UNIT_APOSTLE, 110, 110, 26, 13, 19, 57
220, 6, 14, 1:1, 18874371:2228233, UNIT_AT_CREW, UNIT_MUSKETMAN, 70, 65, 11, 5, 17, 52
220, 7, 5, 1:1, 19791971:28246096, UNIT_APOSTLE, UNIT_APOSTLE, 110, 110, 7, 25, 56, 17
220, 14, 6, 3:1, 65536:18874371, DISTRICT_CITY_CENTER, DISTRICT_CITY_CENTER, 50, 70, 0, -1, 0, 16
220, 63, 10, 1:1, 16384249:917511, UNIT_RANGER, UNIT_CROSSBOWMAN, 60, 30, 0, 3, 0, 78
221, 5, 7, 1:1, 29360226:21561452, UNIT_APOSTLE, UNIT_GURU, 110, 90, 8, 20, 18, 46
221, 6, 14, 1:1, 18874371:2228233, UNIT_AT_CREW, UNIT_MUSKETMAN, 70, 65, 7, 0, 17, 48
221, 6, 2, 3:1, 2555940:12320806, DISTRICT_ENCAMPMENT, DISTRICT_ENCAMPMENT, 97, 102, 3, 6, 0, 20
221, 10, 63, 1:1, 1048577:16384249, UNIT_MUSKETMAN, UNIT_RANGER, 55, 45, 2, 0, 20, 42
221, 14, 6, 3:1, 65536:18874371, DISTRICT_CITY_CENTER, DISTRICT_CITY_CENTER, 50, 70, 0, -4, 0, 19
221, 63, 10, 1:1, 16384249:1048577, UNIT_RANGER, UNIT_MUSKETMAN, 60, 55, -4, -2, 0, 33
222, 6, 2, 1:1, 26148864:12320806, UNIT_MECHANIZED_INFANTRY, UNIT_MECHANIZED_INFANTRY, 85, 102, 13, 4, 41, 18
222, 6, 2, 3:1, 2555940:12320806, DISTRICT_ENCAMPMENT, DISTRICT_ENCAMPMENT, 97, 102, 3, 2, 0, 25
222, 10, 63, 1:1, 1048577:16384249, UNIT_MUSKETMAN, UNIT_RANGER, 55, 45, -5, -4, 25, 47
222, 63, 10, 1:1, 16384249:1048577, UNIT_RANGER, UNIT_MUSKETMAN, 60, 55, -9, -8, 0, 37
223, 2, 6, 1:1, 11206658:26148864, UNIT_BOMBER, UNIT_MECHANIZED_INFANTRY, 90, 85, 2, 9, 0, 23
223, 2, 6, 1:1, 11010066:26148864, UNIT_BOMBER, UNIT_MECHANIZED_INFANTRY, 90, 85, 2, 7, 0, 33
223, 2, 6, 1:1, 11337750:26148864, UNIT_BOMBER, UNIT_MECHANIZED_INFANTRY, 90, 85, 2, 3, 0, 30
223, 2, -1, 1:0, 12255258:-1, UNIT_BOMBER, UNKNOWN, 65, 85, 0, 3, 0, 0
223, 2, -1, 1:0, 12845095:-1, UNIT_BOMBER, UNKNOWN, 65, 85, 0, 3, 0, 0
223, 2, -1, 1:0, 13500457:-1, UNIT_BOMBER, UNKNOWN, 65, 85, 0, 3, 0, 0
223, 5, 63, 1:1, 31260758:16384249, UNIT_TANK, UNIT_RANGER, 97, 45, 5, -9, 2, 100
223, 6, 2, 3:1, 196610:15204394, DISTRICT_CITY_CENTER, DISTRICT_CITY_CENTER, 97, 85, 3, 3, 0, 53
223, 6, 2, 3:1, 2555940:15204394, DISTRICT_ENCAMPMENT, DISTRICT_ENCAMPMENT, 97, 85, 3, -2, 0, 51
223, 14, 6, 3:1, 65536:24182831, DISTRICT_CITY_CENTER, DISTRICT_CITY_CENTER, 50, 60, 0, -4, 0, 24
224, 2, 6, 3:1, 655369:25821245, DISTRICT_ENCAMPMENT, DISTRICT_ENCAMPMENT, 80, 85, 1, 13, 0, 12
224, 2, 6, 1:1, 15007749:25821245, UNIT_BOMBER, UNIT_MECHANIZED_INFANTRY, 90, 85, -10, 12, 0, 13
224, 2, 6, 1:1, 11337750:25821245, UNIT_BOMBER, UNIT_MECHANIZED_INFANTRY, 90, 85, 2, 11, 0, 24
224, 2, 6, 1:1, 12255258:25821245, UNIT_BOMBER, UNIT_MECHANIZED_INFANTRY, 90, 85, 2, 8, 0, 26
224, 2, 6, 1:1, 12845095:25821245, UNIT_BOMBER, UNIT_MECHANIZED_INFANTRY, 90, 85, -10, 6, 0, 17
224, 2, 6, 1:1, 13500457:25821245, UNIT_BOMBER, UNIT_MECHANIZED_INFANTRY, 90, 85, -10, 4, 0, 24
224, 5, 63, 1:1, 31260758:16318712, UNIT_TANK, UNIT_AT_CREW, 97, 70, 3, 16, 15, 50
224, 6, 2, 1:1, 26542110:12320806, UNIT_MECHANIZED_INFANTRY, UNIT_MECHANIZED_INFANTRY, 85, 102, 13, -1, 38, 22
224, 6, 2, 3:1, 196610:12320806, DISTRICT_CITY_CENTER, DISTRICT_CITY_CENTER, 97, 102, 3, -3, 0, 30
224, 6, 2, 3:1, 2555940:12320806, DISTRICT_ENCAMPMENT, DISTRICT_ENCAMPMENT, 97, 102, 3, -6, 0, 38
224, 14, 6, 3:1, 65536:24182831, DISTRICT_CITY_CENTER, DISTRICT_CITY_CENTER, 50, 60, 0, -2, 0, 24
225, 2, 6, 1:1, 11206658:26542110, UNIT_BOMBER, UNIT_MECHANIZED_INFANTRY, 90, 85, 2, 15, 0, 23
225, 2, 6, 1:1, 11010066:26542110, UNIT_BOMBER, UNIT_MECHANIZED_INFANTRY, 90, 85, 2, 13, 0, 22
225, 2, 6, 1:1, 11337750:26542110, UNIT_BOMBER, UNIT_MECHANIZED_INFANTRY, 90, 85, 2, 11, 0, 27
225, 5, 63, 1:1, 31260758:16318712, UNIT_TANK, UNIT_AT_CREW, 97, 70, 3, 11, 11, 62
225, 5, 7, 1:1, 28246096:21561452, UNIT_APOSTLE, UNIT_GURU, 110, 90, 23, 20, 14, 75
225, 6, 2, 1:3, 23265319:655369, UNIT_MECHANIZED_INFANTRY, UNKNOWN, 85, 92, 13, 15, 41, 7
225, 14, 6, 3:1, 65536:24182831, DISTRICT_CITY_CENTER, DISTRICT_CITY_CENTER, 50, 60, 0, 0, 0, 18
225, 14, 6, 3:1, 131073:24182831, DISTRICT_ENCAMPMENT, DISTRICT_ENCAMPMENT, 50, 60, 0, -2, 0, 26
226, 2, 6, 3:1, 655369:23265319, DISTRICT_ENCAMPMENT, DISTRICT_ENCAMPMENT, 80, 85, 0, 9, 0, 17
226, 2, 6, 1:1, 11206658:23265319, UNIT_BOMBER, UNIT_MECHANIZED_INFANTRY, 90, 85, 2, 7, 0, 28
226, 2, 6, 1:1, 15007749:23265319, UNIT_BOMBER, UNIT_MECHANIZED_INFANTRY, 90, 85, -10, 4, 0, 18
226, 5, 7, 1:1, 30343239:6225955, UNIT_APOSTLE, UNIT_GURU, 110, 90, 8, 30, 29, 22
226, 5, 7, 1:1, 28246096:21561452, UNIT_APOSTLE, UNIT_GURU, 110, 90, 21, 16, 12, 86
226, 14, 6, 3:1, 65536:24182831, DISTRICT_CITY_CENTER, DISTRICT_CITY_CENTER, 50, 60, 0, -2, 0, 24
226, 14, 6, 3:1, 131073:22085707, DISTRICT_ENCAMPMENT, DISTRICT_ENCAMPMENT, 50, 60, 0, 3, 0, 19
227, 5, 7, 1:1, 30343239:6225955, UNIT_APOSTLE, UNIT_GURU, 110, 90, 5, 32, 38, 25
227, 14, 6, 3:1, 65536:22085707, DISTRICT_CITY_CENTER, DISTRICT_CITY_CENTER, 50, 60, 0, 1, 0, 21
227, 14, 6, 3:1, 131073:22085707, DISTRICT_ENCAMPMENT, DISTRICT_ENCAMPMENT, 50, 60, 0, -1, 0, 20
228, 5, 7, 1:1, 30343239:6225955, UNIT_APOSTLE, UNIT_GURU, 110, 90, 1, 34, 51, 18
228, 14, 6, 3:1, 131073:22085707, DISTRICT_ENCAMPMENT, DISTRICT_ENCAMPMENT, 50, 60, 0, 0, 0, 16
229, 2, -1, 1:0, 11206658:-1, UNIT_BOMBER, UNKNOWN, 65, 0, -9808, 0, 0, 0
229, 2, -1, 1:0, 11010066:-1, UNIT_BOMBER, UNKNOWN, 65, 0, -9808, 0, 0, 0
229, 2, -1, 1:0, 11337750:-1, UNIT_BOMBER, UNKNOWN, 65, 0, -9808, 0, 0, 0
229, 2, -1, 1:0, 12255258:-1, UNIT_BOMBER, UNKNOWN, 65, 0, -9808, 0, 0, 0
229, 2, -1, 1:0, 12845095:-1, UNIT_BOMBER, UNKNOWN, 65, 0, -9808, 0, 0, 0
229, 2, -1, 1:0, 14483499:-1, UNIT_BOMBER, UNKNOWN, 65, 0, -9808, 0, 0, 0
229, 2, -1, 1:0, 14417964:-1, UNIT_BOMBER, UNKNOWN, 65, 0, -9808, 0, 0, 0
229, 2, -1, 1:0, 13959213:-1, UNIT_BOMBER, UNKNOWN, 65, 0, -9808, 0, 0, 0
229, 2, -1, 1:0, 15466548:-1, UNIT_BOMBER, UNKNOWN, 65, 0, -9808, 0, 0, 0
231, 2, 5, 1:1, 9502751:31457345, UNIT_APOSTLE, UNIT_APOSTLE, 110, 110, -3, 8, 49, 16
231, 5, 6, 1:1, 31916058:24117297, UNIT_APOSTLE, UNIT_MISSIONARY, 110, 100, 8, 13, 25, 41
233, 6, 5, 1:1, 22872070:33292342, UNIT_APOSTLE, UNIT_MISSIONARY, 110, 100, 8, 8, 20, 47
235, 7, 6, 1:1, 25165858:25231375, UNIT_APOSTLE, UNIT_APOSTLE, 110, 110, 8, 8, 32, 25
236, 6, 7, 1:1, 25231375:25165858, UNIT_APOSTLE, UNIT_APOSTLE, 110, 110, 5, 4, 27, 36
236, 7, 6, 1:1, 25165858:26738702, UNIT_APOSTLE, UNIT_MISSIONARY, 110, 100, 1, 10, 33, 27
236, 63, 4, 1:1, 16515323:20054042, UNIT_RANGER, UNIT_MECHANIZED_INFANTRY, 60, 72, 0, 0, 0, 21
238, 5, 63, 1:1, 30933048:16515323, UNIT_TANK, UNIT_RANGER, 90, 45, 5, 0, 4, 100
239, 5, 63, 1:1, 30933048:16449786, UNIT_TANK, UNIT_AT_CREW, 90, 70, 5, 19, 28, 34
239, 5, 63, 1:1, 15204391:16449786, UNIT_CAVALRY, UNIT_AT_CREW, 62, 70, 5, 16, 64, 13
240, 5, 63, 1:1, 30933048:16449786, UNIT_TANK, UNIT_AT_CREW, 90, 70, 2, 14, 22, 38
240, 5, 6, 1:1, 35061786:25231375, UNIT_APOSTLE, UNIT_APOSTLE, 110, 110, 3, 2, 25, 33
240, 6, 5, 1:1, 25231375:35061786, UNIT_APOSTLE, UNIT_APOSTLE, 110, 110, -1, 5, 34, 19
241, 5, 63, 1:1, 30933048:16449786, UNIT_TANK, UNIT_AT_CREW, 90, 70, 0, 11, 22, 50
242, 7, 6, 1:1, 25428012:24117297, UNIT_APOSTLE, UNIT_MISSIONARY, 110, 100, 3, 3, 17, 48
242, 7, 6, 1:1, 27000918:23461901, UNIT_APOSTLE, UNIT_MISSIONARY, 110, 100, 3, 10, 29, 35
243, 7, 5, 1:1, 27000918:35061786, UNIT_APOSTLE, UNIT_APOSTLE, 110, 110, 0, 0, 30, 25
244, 5, 7, 1:1, 36241414:25690180, UNIT_APOSTLE, UNIT_MISSIONARY, 110, 100, 5, 5, 24, 50
244, 7, 5, 1:1, 27000918:35061786, UNIT_APOSTLE, UNIT_APOSTLE, 110, 110, -3, -4, 27, 29
245, 5, 7, 1:1, 35782721:27000918, UNIT_APOSTLE, UNIT_APOSTLE, 110, 110, 25, -6, 9, 79
245, 5, 6, 1:1, 35061786:26738702, UNIT_APOSTLE, UNIT_MISSIONARY, 110, 100, -7, 2, 34, 26
245, 7, 2, 1:1, 26542121:18874406, UNIT_APOSTLE, UNIT_MISSIONARY, 110, 100, 3, 3, 17, 52
246, 5, 6, 1:1, 35782721:23461901, UNIT_APOSTLE, UNIT_MISSIONARY, 110, 100, 22, 1, 9, 86
246, 7, 6, 1:1, 26542121:28377147, UNIT_APOSTLE, UNIT_MISSIONARY, 110, 100, 1, 3, 19, 41
247, 5, 6, 1:1, 35782721:28377147, UNIT_APOSTLE, UNIT_MISSIONARY, 110, 100, 21, -2, 7, 100
247, 7, 5, 1:1, 26542121:35782721, UNIT_APOSTLE, UNIT_APOSTLE, 110, 110, -1, 20, 55, 11
248, 5, 7, 1:1, 35782721:26542121, UNIT_APOSTLE, UNIT_APOSTLE, 110, 110, 19, 0, 17, 68
248, 7, 5, 1:1, 28311581:35782721, UNIT_APOSTLE, UNIT_APOSTLE, 110, 110, 23, 17, 28, 29
249, 5, 7, 1:1, 35782721:28311581, UNIT_APOSTLE, UNIT_APOSTLE, 110, 110, 14, 20, 41, 19
251, 0, 7, 1:1, 10158114:15532057, UNIT_APOSTLE, UNIT_GURU, 110, 90, 0, 12, 26, 34
251, 5, 6, 1:1, 36831310:26738702, UNIT_APOSTLE, UNIT_MISSIONARY, 110, 100, 3, -3, 17, 51
258, 7, 2, 1:1, 30605381:20578327, UNIT_APOSTLE, UNIT_MISSIONARY, 110, 100, 8, 3, 18, 59
260, 6, 5, 1:1, 22872070:36241414, UNIT_APOSTLE, UNIT_APOSTLE, 110, 110, 1, 8, 35, 22
260, 7, 2, 1:1, 30605381:20578327, UNIT_APOSTLE, UNIT_MISSIONARY, 110, 100, 6, -3, 15, 65
261, 7, 0, 1:1, 33095800:10158114, UNIT_APOSTLE, UNIT_APOSTLE, 110, 110, 12, -3, 20, 58
262, 4, 6, 3:1, 3670067:34996331, DISTRICT_CITY_CENTER, DISTRICT_CITY_CENTER, 102, 87, 3, 13, 0, 41
262, 4, 6, 1:1, 19922996:34340910, UNIT_NUCLEAR_SUBMARINE, UNIT_MISSILE_CRUISER, 95, 87, 12, 13, 0, 35
262, 4, 6, 1:1, 20119576:34340910, UNIT_NUCLEAR_SUBMARINE, UNIT_MISSILE_CRUISER, 102, 87, 12, 10, 0, 65
262, 4, 6, 1:1, 31457395:27394137, UNIT_HELICOPTER, UNIT_MECHANIZED_INFANTRY, 82, 95, 7, 17, 61, 13
262, 4, 6, 1:1, 28311647:27459607, UNIT_JET_BOMBER, UNIT_MACHINE_GUN, 100, 65, -10, 13, 0, 38
262, 4, 6, 1:1, 29032552:27459607, UNIT_JET_BOMBER, UNIT_MACHINE_GUN, 100, 65, -10, 9, 0, 44
262, 4, 6, 1:1, 30015597:27459607, UNIT_JET_BOMBER, UNIT_MACHINE_GUN, 100, 65, -10, 5, 0, 72
262, 4, -1, 1:0, 30081134:-1, UNIT_JET_BOMBER, UNKNOWN, 70, 65, 0, 5, 0, 0
262, 6, 4, 1:1, 32768098:28835942, UNIT_MECHANIZED_INFANTRY, UNIT_MODERN_ARMOR, 85, 90, 15, 3, 24, 45
262, 6, 4, 1:1, 31981663:28835942, UNIT_MECHANIZED_INFANTRY, UNIT_MODERN_ARMOR, 85, 90, 15, -1, 17, 42
262, 6, 4, 1:1, 33685606:28835942, UNIT_MODERN_ARMOR, UNIT_MODERN_ARMOR, 107, 90, 19, -6, 6, 100
262, 6, 4, 3:1, 3997752:18219023, DISTRICT_CITY_CENTER, DISTRICT_CITY_CENTER, 102, 77, 3, 6, 0, 71
262, 6, 4, 3:1, 2949161:25427997, DISTRICT_CITY_CENTER, DISTRICT_CITY_CENTER, 102, 95, 3, 3, 0, 32
262, 6, 2, 1:1, 25886780:19988511, UNIT_JET_BOMBER, UNIT_ARTILLERY, 100, 77, -4, 3, 0, 65
262, 6, 2, 1:1, 29884487:19988511, UNIT_JET_BOMBER, UNIT_ARTILLERY, 100, 77, -4, -3, 0, 60
262, 6, -1, 1:0, 28901454:-1, UNIT_JET_BOMBER, UNKNOWN, 70, 77, 0, -3, 0, 0
262, 7, 5, 1:1, 28311581:40173593, UNIT_APOSTLE, UNIT_MISSIONARY, 110, 100, 23, 8, 10, 78
263, 2, 6, 3:1, 262147:26869825, DISTRICT_CITY_CENTER, DISTRICT_CITY_CENTER, 102, 85, 3, 3, 0, 60
263, 2, 6, 3:1, 655369:24707153, DISTRICT_ENCAMPMENT, DISTRICT_ENCAMPMENT, 102, 85, 3, 3, 0, 47
263, 2, 6, 1:1, 20185150:26869825, UNIT_JET_BOMBER, UNIT_MECHANIZED_INFANTRY, 100, 85, -10, -3, 0, 44
263, 4, 6, 1:3, 27852818:5439566, UNIT_MECHANIZED_INFANTRY, UNKNOWN, 95, 97, 7, 15, 37, 1
263, 4, 6, 1:3, 16646219:3932215, UNIT_MECHANIZED_INFANTRY, UNKNOWN, 102, 97, 7, 17, 32, 1
263, 4, 6, 1:1, 22872064:30081058, UNIT_NUCLEAR_SUBMARINE, UNIT_MISSILE_CRUISER, 102, 80, 12, 13, 0, 79
263, 4, 6, 1:1, 20119576:31850589, UNIT_NUCLEAR_SUBMARINE, UNIT_MECHANIZED_INFANTRY, 102, 85, 7, 16, 0, 40
263, 4, 6, 1:1, 19922996:30081058, UNIT_NUCLEAR_SUBMARINE, UNIT_MISSILE_CRUISER, 95, 80, 12, 5, 0, 80
263, 4, 6, 1:1, 25231367:31850589, UNIT_NUCLEAR_SUBMARINE, UNIT_MECHANIZED_INFANTRY, 102, 85, 7, 12, 0, 40
263, 4, 6, 1:1, 30605409:31850589, UNIT_NUCLEAR_SUBMARINE, UNIT_MECHANIZED_INFANTRY, 102, 85, 12, 8, 0, 72
263, 4, 6, 1:1, 28704868:31588377, UNIT_NUCLEAR_SUBMARINE, UNIT_MECHANIZED_INFANTRY, 102, 85, 12, 24, 0, 36
263, 4, 6, 1:1, 30015597:29098059, UNIT_JET_BOMBER, UNIT_MECHANIZED_INFANTRY, 100, 102, -10, 16, 0, 10
263, 4, 6, 1:1, 30081134:29098059, UNIT_JET_BOMBER, UNIT_MECHANIZED_INFANTRY, 100, 102, -10, 15, 0, 11
263, 4, 6, 1:1, 31326321:29098059, UNIT_JET_BOMBER, UNIT_MECHANIZED_INFANTRY, 100, 102, -10, 14, 0, 12
263, 6, 4, 1:1, 31522860:29556832, UNIT_MECHANIZED_INFANTRY, UNIT_MODERN_ARMOR, 85, 107, 25, 8, 34, 27
263, 6, 4, 1:1, 32768098:29556832, UNIT_MECHANIZED_INFANTRY, UNIT_MODERN_ARMOR, 85, 107, 23, 5, 38, 26
263, 6, 4, 1:1, 29098059:27852818, UNIT_MECHANIZED_INFANTRY, UNIT_MECHANIZED_INFANTRY, 102, 95, 2, 3, 23, 39
263, 6, 2, 1:1, 32178237:21168187, UNIT_MECHANIZED_INFANTRY, UNIT_MECHANIZED_INFANTRY, 102, 102, 13, 3, 19, 37
263, 6, 2, 1:3, 24707153:655369, UNIT_MECHANIZED_INFANTRY, UNKNOWN, 85, 92, -2, 15, 83, 1
263, 6, 14, 3:1, 3538993:2818057, DISTRICT_CITY_CENTER, DISTRICT_CITY_CENTER, 102, 95, 3, 3, 0, 35
263, 6, 4, 3:1, 3997752:18219023, DISTRICT_CITY_CENTER, DISTRICT_CITY_CENTER, 102, 77, 3, -4, 0, 94
263, 6, 4, 3:1, 5439566:31457395, DISTRICT_ENCAMPMENT, DISTRICT_ENCAMPMENT, 102, 82, 3, -3, 0, 75
263, 6, 4, 3:1, 2949161:29556832, DISTRICT_CITY_CENTER, DISTRICT_CITY_CENTER, 102, 107, 3, -2, 0, 24
263, 6, 4, 3:1, 2228256:28770405, DISTRICT_CITY_CENTER, DISTRICT_CITY_CENTER, 102, 97, 3, 8, 0, 31
263, 14, 6, 3:1, 65536:34078750, DISTRICT_CITY_CENTER, DISTRICT_CITY_CENTER, 50, 80, 0, 3, 0, 8
263, 14, 6, 3:1, 131073:34078750, DISTRICT_ENCAMPMENT, DISTRICT_ENCAMPMENT, 50, 80, 0, 2, 0, 9
264, 1, 4, 1:3, 16646177:917516, UNIT_MODERN_AT, UNKNOWN, 80, 97, 3, 19, 100, 1
264, 1, 4, 3:1, 3866677:17432655, DISTRICT_ENCAMPMENT, DISTRICT_ENCAMPMENT, 102, 102, 3, 6, 0, 28
264, 1, 4, 1:1, 16121857:16908315, UNIT_JET_BOMBER, UNIT_MECHANIZED_INFANTRY, 100, 95, -14, 3, 0, 15
264, 1, 4, 1:1, 15990795:17432655, UNIT_JET_BOMBER, UNIT_MECHANIZED_INFANTRY, 100, 102, -14, 3, 0, 16
264, 1, 4, 1:1, 22937612:17432655, UNIT_JET_BOMBER, UNIT_MECHANIZED_INFANTRY, 100, 102, -14, 2, 0, 13
264, 1, 4, 1:1, 18219023:17432655, UNIT_JET_BOMBER, UNIT_MECHANIZED_INFANTRY, 100, 102, -14, 0, 0, 13
264, 1, 4, 1:1, 26542107:17432655, UNIT_JET_BOMBER, UNIT_MECHANIZED_INFANTRY, 100, 102, -14, -1, 0, 18
264, 1, 4, 1:1, 22675497:17432655, UNIT_JET_BOMBER, UNIT_MECHANIZED_INFANTRY, 100, 102, -14, -3, 0, 20
264, 1, -1, 1:0, 18546732:-1, UNIT_JET_BOMBER, UNKNOWN, 70, 102, 0, -3, 0, 0
264, 1, 4, 1:1, 24182851:16908315, UNIT_JET_BOMBER, UNIT_MECHANIZED_INFANTRY, 100, 95, -14, 2, 0, 20
264, 1, 4, 1:1, 24445007:16908315, UNIT_JET_BOMBER, UNIT_MECHANIZED_INFANTRY, 100, 95, -14, 0, 0, 25
264, 1, 4, 1:1, 24969303:16908315, UNIT_JET_BOMBER, UNIT_MECHANIZED_INFANTRY, 100, 95, -14, -3, 0, 23
264, 1, 4, 1:1, 25362521:16908315, UNIT_JET_BOMBER, UNIT_MECHANIZED_INFANTRY, 100, 95, -14, -5, 0, 21
264, 2, 6, 1:1, 22347804:34406403, UNIT_MECHANIZED_INFANTRY, UNIT_MECHANIZED_INFANTRY, 102, 85, 7, 10, 17, 60
264, 2, 6, 1:1, 19595305:32702477, UNIT_MECHANIZED_INFANTRY, UNIT_MECHANIZED_INFANTRY, 102, 102, 15, 5, 23, 52
264, 2, 6, 3:1, 851980:32178237, DISTRICT_ENCAMPMENT, DISTRICT_ENCAMPMENT, 102, 102, 3, 11, 0, 18
264, 2, 6, 3:1, 262147:34406403, DISTRICT_CITY_CENTER, DISTRICT_CITY_CENTER, 102, 85, 3, -3, 0, 61
264, 2, 6, 3:1, 655369:32702477, DISTRICT_ENCAMPMENT, DISTRICT_ENCAMPMENT, 102, 102, 3, -2, 0, 43
264, 2, 6, 1:1, 20709439:32178237, UNIT_JET_BOMBER, UNIT_MECHANIZED_INFANTRY, 100, 102, -10, 9, 0, 14
264, 2, 6, 1:1, 17301570:32178237, UNIT_JET_BOMBER, UNIT_MECHANIZED_INFANTRY, 100, 102, -10, 8, 0, 16
264, 2, 6, 1:1, 17367107:32178237, UNIT_JET_BOMBER, UNIT_MECHANIZED_INFANTRY, 100, 102, -10, 6, 0, 13
264, 2, 6, 1:1, 20054088:32178237, UNIT_JET_BOMBER, UNIT_MECHANIZED_INFANTRY, 100, 102, -10, 5, 0, 15
264, 4, 6, 1:3, 20054042:5439566, UNIT_MECHANIZED_INFANTRY, UNKNOWN, 102, 97, 7, 15, 30, 1
264, 4, 6, 1:1, 27852818:29098059, UNIT_MECHANIZED_INFANTRY, UNIT_MECHANIZED_INFANTRY, 95, 102, 13, -1, 22, 37
264, 4, 1, 1:1, 18546698:25624662, UNIT_MECHANIZED_INFANTRY, UNIT_MODERN_ARMOR, 102, 107, 9, 3, 23, 29
264, 4, 1, 1:1, 18153495:26673249, UNIT_MECHANIZED_INFANTRY, UNIT_MODERN_ARMOR, 102, 107, 13, 5, 31, 36
264, 4, 1, 1:1, 21430315:26673249, UNIT_MECHANIZED_INFANTRY, UNIT_MODERN_ARMOR, 102, 107, 13, 1, 27, 34
264, 4, 1, 3:1, 196610:26738784, DISTRICT_CITY_CENTER, DISTRICT_CITY_CENTER, 102, 90, 3, 3, 0, 54
264, 4, 1, 3:1, 917516:26738784, DISTRICT_ENCAMPMENT, DISTRICT_ENCAMPMENT, 102, 90, 3, -2, 0, 51
264, 4, 1, 3:1, 131073:25624662, DISTRICT_CITY_CENTER, DISTRICT_CITY_CENTER, 102, 107, 3, 0, 0, 31
264, 4, 6, 3:1, 2949160:28704844, DISTRICT_ENCAMPMENT, DISTRICT_ENCAMPMENT, 102, 85, 3, 16, 0, 35
264, 4, 5, 1:1, 19660856:32571496, UNIT_NUCLEAR_SUBMARINE, UNIT_NUCLEAR_SUBMARINE, 95, 97, 7, 3, 0, 34
264, 4, 6, 1:1, 21758020:31588377, UNIT_NUCLEAR_SUBMARINE, UNIT_MECHANIZED_INFANTRY, 102, 85, 12, 24, 0, 40
264, 4, 6, 1:1, 22872064:31588377, UNIT_NUCLEAR_SUBMARINE, UNIT_MECHANIZED_INFANTRY, 102, 85, 12, 20, 0, 37
264, 4, 6, 1:1, 27197531:31588377, UNIT_NUCLEAR_SUBMARINE, UNIT_MECHANIZED_INFANTRY, 102, 85, 12, 16, 0, 51
264, 4, 6, 1:1, 31653986:28704844, UNIT_MODERN_ARMOR, UNIT_MECHANIZED_INFANTRY, 107, 85, 7, 15, 17, 58
264, 4, 6, 1:1, 17498190:33947722, UNIT_MECHANIZED_INFANTRY, UNIT_MECHANIZED_INFANTRY, 95, 102, 20, 13, 27, 31
264, 5, 10, 1:1, 32964693:1507334, UNIT_NUCLEAR_SUBMARINE, UNIT_MECHANIZED_INFANTRY, 95, 55, 3, 0, 0, 100
264, 5, 4, 1:1, 36765791:26476630, UNIT_NUCLEAR_SUBMARINE, UNIT_NUCLEAR_SUBMARINE, 102, 97, 3, 3, 0, 36
264, 5, 4, 1:1, 38797408:25165866, UNIT_NUCLEAR_SUBMARINE, UNIT_NUCLEAR_SUBMARINE, 102, 97, 3, 3, 0, 39
264, 5, 7, 1:1, 35586157:28180503, UNIT_MISSILE_CRUISER, UNIT_MECHANIZED_INFANTRY, 85, 55, 3, 0, 0, 100
264, 5, 7, 1:1, 38993971:28508272, UNIT_JET_BOMBER, UNIT_ARTILLERY, 100, 77, -14, 6, 0, 37
264, 5, 7, 1:1, 38928461:28508272, UNIT_JET_BOMBER, UNIT_ARTILLERY, 100, 77, -14, 2, 0, 41
264, 5, 4, 1:1, 40304732:26476630, UNIT_JET_BOMBER, UNIT_NUCLEAR_SUBMARINE, 100, 97, -14, -1, 0, 23
264, 5, 7, 1:1, 39059566:28508272, UNIT_JET_BOMBER, UNIT_ARTILLERY, 100, 77, -14, -2, 0, 44
264, 5, -1, 1:0, 39125103:-1, UNIT_JET_BOMBER, UNKNOWN, 70, 77, 0, -2, 0, 0
264, 5, 10, 1:1, 39190640:1572865, UNIT_JET_BOMBER, UNIT_MECHANIZED_INFANTRY, 100, 85, -14, 0, 0, 31
264, 5, 10, 1:1, 39321714:1572865, UNIT_JET_BOMBER, UNIT_MECHANIZED_INFANTRY, 100, 85, -14, -3, 0, 29
264, 5, 10, 1:1, 39387251:1572865, UNIT_JET_BOMBER, UNIT_MECHANIZED_INFANTRY, 100, 85, -14, -6, 0, 45
264, 6, 4, 1:1, 28049453:25427997, UNIT_MECHANIZED_INFANTRY, UNIT_MECHANIZED_INFANTRY, 85, 95, 17, 2, 24, 40
264, 6, 4, 1:1, 33226832:24117260, UNIT_MECHANIZED_INFANTRY, UNIT_MODERN_ARMOR, 85, 100, 15, 6, 38, 21
264, 6, 4, 1:1, 29098059:27852818, UNIT_MECHANIZED_INFANTRY, UNIT_MECHANIZED_INFANTRY, 102, 95, -6, 1, 33, 1
264, 6, 14, 3:1, 3538993:2818057, DISTRICT_CITY_CENTER, DISTRICT_CITY_CENTER, 102, 95, 3, -3, 0, 49
264, 6, 4, 3:1, 5439566:27852818, DISTRICT_ENCAMPMENT, DISTRICT_ENCAMPMENT, 102, 95, 3, -7, 0, 55
264, 6, 4, 3:1, 2228256:19922996, DISTRICT_CITY_CENTER, DISTRICT_CITY_CENTER, 102, 90, 3, 3, 0, 54
264, 6, 4, 3:1, 2818085:19922996, DISTRICT_ENCAMPMENT, DISTRICT_ENCAMPMENT, 102, 90, 3, -2, 0, 55
264, 7, 5, 1:1, 24707139:40501323, UNIT_MECHANIZED_INFANTRY, UNIT_MODERN_ARMOR, 95, 100, 13, 3, 23, 41
264, 7, 5, 1:1, 34209817:40501323, UNIT_MECHANIZED_INFANTRY, UNIT_MODERN_ARMOR, 85, 100, 13, -1, 33, 24
264, 7, 5, 1:1, 2686992:40501323, UNIT_ARCHER, UNIT_MODERN_ARMOR, 42, 100, 8, 4, 0, 3
264, 7, 5, 3:1, 393221:40501323, DISTRICT_CITY_CENTER, DISTRICT_CITY_CENTER, 102, 100, 3, 3, 0, 32
264, 7, 5, 1:1, 26804301:36569102, UNIT_JET_BOMBER, UNIT_NUCLEAR_SUBMARINE, 100, 97, -14, 3, 0, 17
264, 14, 6, 3:1, 131073:34078750, DISTRICT_ENCAMPMENT, DISTRICT_ENCAMPMENT, 50, 80, 0, 4, 0, 7
265, 1, 4, 1:3, 23265353:917516, UNIT_MODERN_ARMOR, UNKNOWN, 90, 97, 3, 19, 59, 1
265, 1, 4, 1:3, 25755740:917516, UNIT_MODERN_ARMOR, UNKNOWN, 90, 97, 3, 19, 76, 1
265, 1, 4, 1:3, 21168192:917516, UNIT_MODERN_ARMOR, UNKNOWN, 107, 97, 3, 19, 35, 1
265, 1, 4, 1:1, 15990795:18153495, UNIT_JET_BOMBER, UNIT_MECHANIZED_INFANTRY, 100, 102, -14, 0, 0, 17
265, 1, 4, 1:1, 22937612:21430315, UNIT_JET_BOMBER, UNIT_MECHANIZED_INFANTRY, 100, 102, -14, 0, 0, 17
265, 1, 4, 1:1, 26542107:18153495, UNIT_JET_BOMBER, UNIT_MECHANIZED_INFANTRY, 100, 102, -14, -2, 0, 19
265, 1, 4, 1:1, 27066401:18153495, UNIT_JET_BOMBER, UNIT_MECHANIZED_INFANTRY, 100, 102, -14, -4, 0, 17
265, 1, 4, 1:1, 22675497:21430315, UNIT_JET_BOMBER, UNIT_MECHANIZED_INFANTRY, 100, 102, -14, -1, 0, 20
265, 1, 4, 1:1, 18546732:21430315, UNIT_JET_BOMBER, UNIT_MECHANIZED_INFANTRY, 100, 102, -14, -3, 0, 18
265, 1, 4, 1:1, 18874420:21430315, UNIT_JET_BOMBER, UNIT_MECHANIZED_INFANTRY, 100, 102, -14, -5, 0, 16
265, 1, 4, 1:1, 19791927:18153495, UNIT_JET_BOMBER, UNIT_MECHANIZED_INFANTRY, 100, 102, -14, -5, 0, 17
265, 1, -1, 1:0, 21561400:-1, UNIT_JET_BOMBER, UNKNOWN, 70, 102, 0, -5, 0, 0
265, 2, 6, 1:1, 18350112:32178237, UNIT_MECHANIZED_INFANTRY, UNIT_MECHANIZED_INFANTRY, 102, 102, 15, -6, 13, 76
265, 2, 6, 1:1, 22347804:32702477, UNIT_MECHANIZED_INFANTRY, UNIT_MECHANIZED_INFANTRY, 102, 102, 9, 6, 30, 34
265, 4, 6, 1:3, 20054042:5439566, UNIT_MECHANIZED_INFANTRY, UNKNOWN, 102, 97, 4, 15, 30, 1
265, 4, 6, 1:3, 25427997:3932215, UNIT_MECHANIZED_INFANTRY, UNKNOWN, 95, 97, 0, 17, 67, 1
265, 4, 6, 1:3, 30474339:3932215, UNIT_MODERN_ARMOR, UNKNOWN, 107, 97, 7, 17, 28, 1
265, 4, 1, 1:1, 32702530:23265353, UNIT_MODERN_ARMOR, UNIT_MODERN_ARMOR, 90, 90, 12, 4, 24, 41
265, 4, 5, 1:1, 18939929:41549824, UNIT_MACHINE_GUN, UNIT_MODERN_AT, 85, 55, 7, 0, 0, 100
265, 4, 1, 1:1, 18808912:25755740, UNIT_MECHANIZED_INFANTRY, UNIT_MODERN_ARMOR, 102, 90, 9, -3, 14, 80
265, 4, 1, 1:1, 18546698:16973860, UNIT_MECHANIZED_INFANTRY, UNIT_MODERN_ARMOR, 102, 100, 7, 9, 28, 28
265, 4, 1, 1:1, 21430315:17104919, UNIT_MECHANIZED_INFANTRY, UNIT_MODERN_ARMOR, 102, 100, 1, 8, 36, 27
265, 4, 1, 1:1, 29687892:19595266, UNIT_NUCLEAR_SUBMARINE, UNIT_MODERN_ARMOR, 102, 107, 7, 6, 0, 23
265, 4, -1, 1:0, 27066457:-1, UNIT_JET_BOMBER, UNKNOWN, 70, -24504, -9808, 15577, 0, 0
265, 4, -1, 1:0, 30081134:-1, UNIT_JET_BOMBER, UNKNOWN, 70, -24504, -9808, 15577, 0, 0
265, 4, -1, 1:0, 24051729:-1, UNIT_JET_BOMBER, UNKNOWN, 70, -24504, -9808, 15577, 0, 0
265, 4, -1, 1:0, 27590743:-1, UNIT_JET_BOMBER, UNKNOWN, 70, -24504, -9808, 15577, 0, 0
265, 4, -1, 1:0, 31326321:-1, UNIT_JET_BOMBER, UNKNOWN, 70, -24504, -9808, 15577, 0, 0
265, 4, 1, 3:1, 65536:16580621, DISTRICT_CITY_CENTER, DISTRICT_CITY_CENTER, 102, 107, 3, 10, 0, 21
265, 4, 1, 3:1, 655369:23396426, DISTRICT_ENCAMPMENT, DISTRICT_ENCAMPMENT, 102, 107, 3, 3, 0, 27
265, 4, 6, 3:1, 3670067:34996331, DISTRICT_CITY_CENTER, DISTRICT_CITY_CENTER, 102, 87, 3, 9, 0, 37
265, 4, 1, 3:1, 196610:26673249, DISTRICT_CITY_CENTER, DISTRICT_CITY_CENTER, 102, 107, 3, 8, 0, 18
265, 4, 1, 3:1, 917516:21168192, DISTRICT_ENCAMPMENT, DISTRICT_ENCAMPMENT, 102, 107, 3, 3, 0, 27
265, 4, 1, 3:1, 131073:25624662, DISTRICT_CITY_CENTER, DISTRICT_CITY_CENTER, 102, 107, 3, -3, 0, 29
265, 4, 1, 3:1, 458758:16973860, DISTRICT_ENCAMPMENT, DISTRICT_ENCAMPMENT, 102, 100, 3, 7, 0, 22
265, 4, 1, 1:1, 22872064:19595266, UNIT_NUCLEAR_SUBMARINE, UNIT_MODERN_ARMOR, 102, 107, 7, 4, 0, 27
265, 4, 1, 1:1, 25231367:16580621, UNIT_NUCLEAR_SUBMARINE, UNIT_MODERN_ARMOR, 102, 107, 12, 8, 0, 33
265, 4, 1, 1:1, 27197531:19595266, UNIT_NUCLEAR_SUBMARINE, UNIT_MODERN_ARMOR, 102, 107, 7, 1, 0, 36
265, 5, 4, 3:1, 1441812:26476630, DISTRICT_ENCAMPMENT, DISTRICT_ENCAMPMENT, 102, 97, 3, -3, 0, 40
265, 5, 7, 1:1, 35586157:4390932, UNIT_MISSILE_CRUISER, UNIT_ARABIAN_MAMLUK, 85, 65, 3, 0, 0, 74
265, 5, 4, 1:1, 36765791:19660856, UNIT_NUCLEAR_SUBMARINE, UNIT_NUCLEAR_SUBMARINE, 102, 90, 3, 3, 0, 56
265, 5, 4, 1:1, 38797408:19660856, UNIT_NUCLEAR_SUBMARINE, UNIT_NUCLEAR_SUBMARINE, 102, 90, 3, -3, 0, 57
265, 5, 7, 1:1, 38993971:34209817, UNIT_JET_BOMBER, UNIT_MECHANIZED_INFANTRY, 100, 85, -14, 0, 0, 35
265, 5, 7, 1:1, 38928461:34209817, UNIT_JET_BOMBER, UNIT_MECHANIZED_INFANTRY, 100, 85, -14, -4, 0, 36
265, 5, -1, 1:0, 39059566:-1, UNIT_JET_BOMBER, UNKNOWN, 70, 85, 0, -4, 0, 0
265, 6, 4, 1:1, 32899151:30605409, UNIT_RANGER, UNIT_NUCLEAR_SUBMARINE, 60, 97, 13, 3, 0, 11
265, 6, 2, 1:1, 31522860:21168187, UNIT_MECHANIZED_INFANTRY, UNIT_MECHANIZED_INFANTRY, 85, 102, 10, 3, 39, 16
265, 6, 14, 1:1, 35061868:2818057, UNIT_MECHANIZED_INFANTRY, UNIT_MECHANIZED_INFANTRY, 102, 95, 13, -8, 12, 97
265, 6, 4, 1:1, 27131943:16646219, UNIT_MECHANIZED_INFANTRY, UNIT_MECHANIZED_INFANTRY, 85, 102, 15, 0, 36, 23
265, 6, 2, 3:1, 2555940:21168187, DISTRICT_ENCAMPMENT, DISTRICT_ENCAMPMENT, 102, 102, 3, -2, 0, 43
265, 6, 4, 3:1, 5439566:20054042, DISTRICT_ENCAMPMENT, DISTRICT_ENCAMPMENT, 102, 102, 3, -3, 0, 38
265, 6, 4, 3:1, 3932215:16646219, DISTRICT_ENCAMPMENT, DISTRICT_ENCAMPMENT, 102, 102, 3, -2, 0, 35
265, 6, 2, 3:1, 393221:21168187, DISTRICT_CITY_CENTER, DISTRICT_CITY_CENTER, 102, 102, 3, -7, 0, 36
265, 6, 2, 3:1, 917517:22347804, DISTRICT_ENCAMPMENT, DISTRICT_ENCAMPMENT, 102, 102, 3, -2, 0, 41
265, 6, 4, 3:1, 2228256:28770405, DISTRICT_CITY_CENTER, DISTRICT_CITY_CENTER, 102, 97, 3, 0, 0, 46
265, 6, 4, 3:1, 2818085:28770405, DISTRICT_ENCAMPMENT, DISTRICT_ENCAMPMENT, 102, 97, 3, -5, 0, 57
265, 7, 5, 1:1, 24707139:41615479, UNIT_MECHANIZED_INFANTRY, UNIT_MODERN_ARMOR, 95, 107, 9, 3, 45, 21
265, 7, 5, 1:1, 33161334:41615479, UNIT_MODERN_ARMOR, UNIT_MODERN_ARMOR, 100, 107, 11, 1, 23, 33
265, 7, 5, 1:1, 2686992:41615479, UNIT_ARCHER, UNIT_MODERN_ARMOR, 42, 107, 8, -2, 0, 3
265, 7, 5, 1:1, 32047223:36569102, UNIT_MACHINE_GUN, UNIT_NUCLEAR_SUBMARINE, 92, 97, 3, 1, 0, 28
265, 7, 5, 1:1, 25100326:41615479, UNIT_MECHANIZED_INFANTRY, UNIT_MODERN_ARMOR, 102, 107, 13, -3, 16, 44
265, 7, -1, 1:0, 26214402:-1, UNIT_JET_BOMBER, UNKNOWN, 70, 167, -9808, 0, 0, 0
265, 7, -1, 1:0, 26607629:-1, UNIT_JET_BOMBER, UNKNOWN, 70, 167, -9808, 0, 0, 0
265, 7, 5, 3:1, 393221:41287707, DISTRICT_CITY_CENTER, DISTRICT_CITY_CENTER, 102, 107, 3, 3, 0, 20
265, 14, 6, 3:1, 65536:34078750, DISTRICT_CITY_CENTER, DISTRICT_CITY_CENTER, 50, 80, 0, 1, 0, 7
266, 1, 4, 1:1, 27132005:18808912, UNIT_RANGER, UNIT_MECHANIZED_INFANTRY, 60, 102, 3, 2, 0, 7
266, 1, 4, 1:3, 21168192:917516, UNIT_MODERN_ARMOR, UNKNOWN, 107, 97, -3, 19, 47, 1
266, 2, 6, 1:1, 22216784:31522860, UNIT_MECHANIZED_INFANTRY, UNIT_MECHANIZED_INFANTRY, 85, 85, 11, 6, 26, 36
266, 4, 6, 1:3, 20054042:5439566, UNIT_MECHANIZED_INFANTRY, UNKNOWN, 102, 97, -3, 15, 44, 2
266, 4, 6, 1:3, 16646219:3932215, UNIT_MECHANIZED_INFANTRY, UNKNOWN, 102, 97, -2, 17, 59, 1
266, 4, 6, 1:3, 30474339:3932215, UNIT_MODERN_ARMOR, UNKNOWN, 107, 97, 4, 17, 31, 2
266, 4, 1, 1:1, 18546698:25624662, UNIT_MECHANIZED_INFANTRY, UNIT_MODERN_ARMOR, 102, 107, 4, 3, 35, 29
266, 4, 1, 1:1, 33161259:27132005, UNIT_MODERN_ARMOR, UNIT_RANGER, 107, 45, 9, 5, 2, 100
266, 4, 1, 3:1, 655369:23396426, DISTRICT_ENCAMPMENT, DISTRICT_ENCAMPMENT, 102, 107, 3, 0, 0, 27
266, 4, 1, 3:1, 196610:25493581, DISTRICT_CITY_CENTER, DISTRICT_CITY_CENTER, 102, 107, 3, 3, 0, 25
266, 4, 1, 3:1, 917516:17104919, DISTRICT_ENCAMPMENT, DISTRICT_ENCAMPMENT, 102, 100, 3, 10, 0, 19
266, 4, 1, 3:1, 131073:19857461, DISTRICT_CITY_CENTER, DISTRICT_CITY_CENTER, 102, 100, 3, 3, 0, 37
266, 4, 1, 3:1, 458758:19857461, DISTRICT_ENCAMPMENT, DISTRICT_ENCAMPMENT, 102, 100, 3, -1, 0, 40
266, 4, 1, 3:1, 393221:23658572, DISTRICT_CITY_CENTER, DISTRICT_CITY_CENTER, 102, 107, 3, 3, 0, 25
266, 4, 5, 3:1, 786442:32571496, DISTRICT_CITY_CENTER, DISTRICT_CITY_CENTER, 102, 97, 3, 0, 0, 48
266, 4, 6, 3:1, 1376273:27656245, DISTRICT_CITY_CENTER, DISTRICT_CITY_CENTER, 102, 85, 3, 6, 0, 59
266, 4, 6, 3:1, 2949160:27656245, DISTRICT_ENCAMPMENT, DISTRICT_ENCAMPMENT, 102, 85, 3, 0, 0, 72
266, 4, 1, 1:1, 22872064:19595266, UNIT_NUCLEAR_SUBMARINE, UNIT_MODERN_ARMOR, 102, 107, 7, 9, 0, 23
266, 4, 1, 1:1, 29687892:19595266, UNIT_NUCLEAR_SUBMARINE, UNIT_MODERN_ARMOR, 102, 107, 7, 7, 0, 22
266, 5, 7, 3:1, 851980:31064143, DISTRICT_CITY_CENTER, DISTRICT_CITY_CENTER, 102, 100, 3, 6, 0, 24
266, 5, 4, 1:1, 35454980:26476630, UNIT_MISSILE_CRUISER, UNIT_NUCLEAR_SUBMARINE, 95, 97, 3, -7, 0, 39
266, 5, 7, 3:1, 524295:31064143, DISTRICT_CITY_CENTER, DISTRICT_CITY_CENTER, 102, 100, 3, 4, 0, 31
266, 5, 7, 1:1, 35586157:4390932, UNIT_MISSILE_CRUISER, UNIT_ARABIAN_MAMLUK, 85, 65, 3, -7, 0, 98
266, 5, 4, 1:1, 40304732:25165866, UNIT_JET_BOMBER, UNIT_NUCLEAR_SUBMARINE, 100, 97, -14, 3, 0, 16
266, 5, 7, 1:1, 39059566:33161334, UNIT_JET_BOMBER, UNIT_MODERN_ARMOR, 100, 100, -14, 5, 0, 15
266, 5, 7, 1:1, 39125103:33161334, UNIT_JET_BOMBER, UNIT_MODERN_ARMOR, 100, 100, -14, 3, 0, 14
266, 5, 10, 1:1, 39190640:917511, UNIT_JET_BOMBER, UNIT_CROSSBOWMAN, 100, 30, -14, 0, 0, 100
266, 5, 7, 1:1, 39256177:31064143, UNIT_JET_BOMBER, UNIT_MODERN_ARMOR, 100, 100, -14, 1, 0, 14
266, 6, 4, 1:1, 32899151:30605409, UNIT_RANGER, UNIT_NUCLEAR_SUBMARINE, 60, 97, 13, 2, 0, 12
266, 6, 4, 1:1, 35323989:30474339, UNIT_RANGER, UNIT_MODERN_ARMOR, 60, 107, 3, -3, 0, 5
266, 6, 4, 1:1, 26673188:20512817, UNIT_MECHANIZED_INFANTRY, UNIT_MECHANIZED_INFANTRY, 102, 95, 13, 5, 19, 45
266, 6, 2, 1:1, 28049453:21954580, UNIT_MECHANIZED_INFANTRY, UNIT_MECHANIZED_INFANTRY, 85, 85, 13, 9, 21, 28
266, 6, 2, 1:1, 29163538:22216784, UNIT_MECHANIZED_INFANTRY, UNIT_MECHANIZED_INFANTRY, 85, 85, 13, 4, 24, 45
266, 6, 4, 3:1, 65536:16384070, DISTRICT_CITY_CENTER, DISTRICT_CITY_CENTER, 102, 95, 3, 3, 0, 35
266, 6, 4, 3:1, 1310739:16384070, DISTRICT_ENCAMPMENT, DISTRICT_ENCAMPMENT, 102, 95, 3, 0, 0, 47
266, 6, 2, 3:1, 2555940:22216784, DISTRICT_ENCAMPMENT, DISTRICT_ENCAMPMENT, 102, 85, 3, -4, 0, 84
266, 6, 2, 3:1, 589832:21954580, DISTRICT_CITY_CENTER, DISTRICT_CITY_CENTER, 102, 85, 3, 6, 0, 51
266, 6, 2, 3:1, 3997752:22151224, DISTRICT_CITY_CENTER, DISTRICT_CITY_CENTER, 102, 85, 3, 3, 0, 54
266, 6, 2, 3:1, 131073:21954580, DISTRICT_CITY_CENTER, DISTRICT_CITY_CENTER, 102, 85, 3, 1, 0, 63
266, 6, 4, 3:1, 3932215:24117260, DISTRICT_ENCAMPMENT, DISTRICT_ENCAMPMENT, 102, 100, 2, 1, 0, 30
266, 6, 4, 3:1, 3735604:20381765, DISTRICT_CITY_CENTER, DISTRICT_CITY_CENTER, 102, 102, 3, 6, 0, 30
266, 6, 2, 3:1, 393221:22347804, DISTRICT_CITY_CENTER, DISTRICT_CITY_CENTER, 102, 102, 3, -1, 0, 30
266, 6, 2, 3:1, 917517:22347804, DISTRICT_ENCAMPMENT, DISTRICT_ENCAMPMENT, 102, 102, 3, -4, 0, 35
266, 6, 4, 3:1, 2228256:30605409, DISTRICT_CITY_CENTER, DISTRICT_CITY_CENTER, 102, 97, 3, 1, 0, 46
266, 6, 4, 3:1, 2818085:30605409, DISTRICT_ENCAMPMENT, DISTRICT_ENCAMPMENT, 102, 97, 3, -4, 0, 54
266, 7, 5, 1:1, 33161334:41287707, UNIT_MODERN_ARMOR, UNIT_MODERN_ARMOR, 100, 107, 2, 20, 83, 11
266, 7, 5, 1:1, 24707139:41287707, UNIT_MECHANIZED_INFANTRY, UNIT_MODERN_ARMOR, 95, 107, -2, 19, 97, 9
266, 7, 5, 1:1, 23330881:41287707, UNIT_MECHANIZED_INFANTRY, UNIT_MODERN_ARMOR, 102, 107, 3, 18, 70, 12
266, 7, 5, 1:1, 2686992:41287707, UNIT_ARCHER, UNIT_MODERN_ARMOR, 42, 107, 8, 1, 0, 4
266, 7, 5, 1:1, 27721789:41287707, UNIT_NUCLEAR_SUBMARINE, UNIT_MODERN_ARMOR, 102, 107, 3, 0, 0, 22
266, 7, -1, 1:0, 26804301:-1, UNIT_JET_BOMBER, UNKNOWN, 70, 22320, -9808, 583, 0, 0
266, 7, 5, 1:1, 32047223:41287707, UNIT_MACHINE_GUN, UNIT_MODERN_ARMOR, 92, 107, 3, -2, 0, 23
267, 1, 4, 1:1, 26673249:22216754, UNIT_MODERN_ARMOR, UNIT_MODERN_ARMOR, 107, 100, 24, 5, 12, 72
267, 1, 4, 1:1, 25624662:22216754, UNIT_MODERN_ARMOR, UNIT_MODERN_ARMOR, 107, 100, 23, -2, 10, 100
267, 1, 4, 1:1, 16580621:32702530, UNIT_MODERN_ARMOR, UNIT_MODERN_ARMOR, 107, 90, 8, 1, 13, 74
267, 1, -1, 1:0, 15990795:-1, UNIT_JET_BOMBER, UNKNOWN, 70, 22320, -9808, 583, 0, 0
267, 1, -1, 1:0, 22937612:-1, UNIT_JET_BOMBER, UNKNOWN, 70, 22320, -9808, 583, 0, 0
267, 1, -1, 1:0, 18219023:-1, UNIT_JET_BOMBER, UNKNOWN, 70, 22320, -9808, 583, 0, 0
267, 1, -1, 1:0, 22675497:-1, UNIT_JET_BOMBER, UNKNOWN, 70, 22320, -9808, 583, 0, 0
267, 1, -1, 1:0, 18546732:-1, UNIT_JET_BOMBER, UNKNOWN, 70, 22320, -9808, 583, 0, 0
267, 1, -1, 1:0, 18874420:-1, UNIT_JET_BOMBER, UNKNOWN, 70, 22320, -9808, 583, 0, 0
267, 1, -1, 1:0, 19791927:-1, UNIT_JET_BOMBER, UNKNOWN, 70, 22320, -9808, 583, 0, 0
267, 1, -1, 1:0, 21561400:-1, UNIT_JET_BOMBER, UNKNOWN, 70, 22320, -9808, 583, 0, 0
267, 1, -1, 1:0, 20840511:-1, UNIT_JET_BOMBER, UNKNOWN, 70, 22320, -9808, 583, 0, 0
267, 1, -1, 1:0, 23199816:-1, UNIT_JET_BOMBER, UNKNOWN, 70, 22320, -9808, 583, 0, 0
267, 1, 4, 3:1, 196610:32702530, DISTRICT_CITY_CENTER, DISTRICT_CITY_CENTER, 102, 90, 3, -7, 0, 61
267, 4, 6, 1:1, 17498190:35717143, UNIT_MECHANIZED_INFANTRY, UNIT_MECHANIZED_INFANTRY, 95, 85, 14, 3, 12, 70
267, 4, 6, 1:3, 20512817:3932215, UNIT_MECHANIZED_INFANTRY, UNKNOWN, 95, 97, 3, 20, 52, 1
267, 4, 6, 1:3, 16515130:3932215, UNIT_MECHANIZED_INFANTRY, UNKNOWN, 95, 97, 7, 20, 49, 2
267, 4, 6, 1:1, 30474339:35323989, UNIT_MODERN_ARMOR, UNIT_RANGER, 107, 45, 1, 12, 4, 100
267, 4, 1, 1:1, 18546698:16973860, UNIT_MECHANIZED_INFANTRY, UNIT_MODERN_ARMOR, 102, 100, 0, 2, 24, 28
267, 4, 6, 1:1, 28901439:35717143, UNIT_MODERN_ARMOR, UNIT_MECHANIZED_INFANTRY, 107, 85, 9, -4, 7, 100
267, 4, 1, 3:1, 65536:19857461, DISTRICT_CITY_CENTER, DISTRICT_CITY_CENTER, 102, 100, 3, -5, 0, 35
267, 4, 1, 3:1, 131073:16973860, DISTRICT_CITY_CENTER, DISTRICT_CITY_CENTER, 102, 100, 3, 2, 0, 38
267, 4, 1, 3:1, 393221:23658572, DISTRICT_CITY_CENTER, DISTRICT_CITY_CENTER, 102, 107, 3, 1, 0, 32
267, 4, 6, 3:1, 1376273:33947722, DISTRICT_CITY_CENTER, DISTRICT_CITY_CENTER, 102, 102, 3, 6, 0, 23
267, 4, 6, 3:1, 2949160:33947722, DISTRICT_ENCAMPMENT, DISTRICT_ENCAMPMENT, 102, 102, 3, 4, 0, 30
267, 4, 6, 1:3, 21758020:2818085, UNIT_NUCLEAR_SUBMARINE, UNKNOWN, 102, 97, 7, 19, 0, 1
267, 4, 6, 1:1, 17825852:33947722, UNIT_ARTILLERY, UNIT_MECHANIZED_INFANTRY, 90, 102, -10, 1, 0, 12
267, 4, 1, 1:1, 26607678:25624662, UNIT_JET_BOMBER, UNIT_MODERN_ARMOR, 100, 107, -15, -2, 47, 16
267, 4, 1, 1:1, 28311647:25624662, UNIT_JET_BOMBER, UNIT_MODERN_ARMOR, 100, 107, -16, -4, 57, 16
267, 4, 1, 1:1, 32178293:25624662, UNIT_JET_BOMBER, UNIT_MODERN_ARMOR, 100, 107, -15, -5, 46, 14
267, 5, 7, 3:1, 851980:31064143, DISTRICT_CITY_CENTER, DISTRICT_CITY_CENTER, 102, 100, 3, -1, 0, 36
267, 5, 4, 3:1, 3014698:18939929, DISTRICT_CITY_CENTER, DISTRICT_CITY_CENTER, 102, 65, 3, 0, 0, 100
267, 5, 7, 1:1, 35586157:9437202, UNIT_MISSILE_CRUISER, UNIT_MUSKETMAN, 85, 55, 3, 0, 0, 100
267, 5, 7, 1:1, 38993971:23855178, UNIT_JET_BOMBER, UNIT_MECHANIZED_INFANTRY, 100, 102, -14, 13, 0, 9
267, 5, 7, 1:1, 38928461:23855178, UNIT_JET_BOMBER, UNIT_MECHANIZED_INFANTRY, 100, 102, -14, 12, 0, 11
267, 5, 7, 1:1, 39125103:23855178, UNIT_JET_BOMBER, UNIT_MECHANIZED_INFANTRY, 100, 102, -14, 11, 0, 11
267, 6, 4, 1:1, 35127405:29556832, UNIT_RANGER, UNIT_MODERN_ARMOR, 60, 107, 13, -5, 0, 10
267, 6, 4, 1:1, 34078750:29556832, UNIT_MODERN_AT, UNIT_MODERN_ARMOR, 80, 107, 30, -4, 26, 36
267, 6, 4, 1:1, 33947722:20512817, UNIT_MECHANIZED_INFANTRY, UNIT_MECHANIZED_INFANTRY, 102, 95, -1, -3, 22, 48
267, 6, 4, 3:1, 65536:24707081, DISTRICT_CITY_CENTER, DISTRICT_CITY_CENTER, 102, 65, 3, 0, 0, 100
267, 6, 4, 3:1, 1310739:16842768, DISTRICT_ENCAMPMENT, DISTRICT_ENCAMPMENT, 102, 95, 3, 3, 0, 34
267, 6, 2, 3:1, 2555940:18350112, DISTRICT_ENCAMPMENT, DISTRICT_ENCAMPMENT, 102, 102, 3, 2, 0, 36
267, 6, 4, 3:1, 3997752:20381765, DISTRICT_CITY_CENTER, DISTRICT_CITY_CENTER, 102, 102, 3, -2, 0, 36
267, 6, 4, 3:1, 5439566:31653986, DISTRICT_ENCAMPMENT, DISTRICT_ENCAMPMENT, 102, 107, 2, 3, 0, 19
267, 6, 4, 3:1, 2949161:30474339, DISTRICT_CITY_CENTER, DISTRICT_CITY_CENTER, 102, 107, 3, -4, 0, 31
267, 6, 4, 3:1, 3932215:16515130, DISTRICT_ENCAMPMENT, DISTRICT_ENCAMPMENT, 102, 95, 2, -2, 0, 49
267, 6, 4, 3:1, 3735604:20381765, DISTRICT_CITY_CENTER, DISTRICT_CITY_CENTER, 102, 102, 3, -6, 0, 36
267, 6, 4, 3:1, 2228256:21758020, DISTRICT_CITY_CENTER, DISTRICT_CITY_CENTER, 102, 97, 3, 3, 0, 30
267, 6, 4, 3:1, 2818085:21758020, DISTRICT_ENCAMPMENT, DISTRICT_ENCAMPMENT, 102, 97, 3, 0, 0, 46
268, 2, 6, 1:1, 18350112:29163538, UNIT_MECHANIZED_INFANTRY, UNIT_MECHANIZED_INFANTRY, 102, 85, 6, 11, 18, 41
268, 2, 6, 1:1, 22413335:29163538, UNIT_MECHANIZED_INFANTRY, UNIT_MECHANIZED_INFANTRY, 102, 85, 11, 7, 13, 62
268, 2, -1, 1:0, 17301570:-1, UNIT_JET_BOMBER, UNKNOWN, 70, 514, 0, 0, 0, 0
268, 4, 6, 1:3, 16515130:3932215, UNIT_MECHANIZED_INFANTRY, UNKNOWN, 95, 97, -3, 22, 96, 1
268, 4, 6, 1:3, 28967015:3932215, UNIT_MODERN_ARMOR, UNKNOWN, 107, 97, 7, 22, 35, 3
268, 4, 6, 1:3, 30474339:3932215, UNIT_MODERN_ARMOR, UNKNOWN, 107, 97, -3, 22, 46, 2
268, 4, 1, 3:1, 655369:23396426, DISTRICT_ENCAMPMENT, DISTRICT_ENCAMPMENT, 102, 107, 3, -1, 0, 31
268, 4, 1, 3:1, 131073:23396426, DISTRICT_CITY_CENTER, DISTRICT_CITY_CENTER, 102, 107, 3, -4, 0, 32
268, 4, 6, 3:1, 1376273:33947722, DISTRICT_CITY_CENTER, DISTRICT_CITY_CENTER, 102, 102, 3, -6, 0, 43
268, 4, 6, 1:1, 28704868:32899151, UNIT_NUCLEAR_SUBMARINE, UNIT_RANGER, 102, 45, 7, 19, 0, 100
268, 4, 6, 1:1, 26673205:27394137, UNIT_JET_BOMBER, UNIT_MECHANIZED_INFANTRY, 100, 95, -10, 6, 0, 16
268, 4, 6, 1:1, 27590743:27394137, UNIT_JET_BOMBER, UNIT_MECHANIZED_INFANTRY, 100, 95, -10, 4, 0, 20
268, 4, 6, 1:1, 31326321:27394137, UNIT_JET_BOMBER, UNIT_MECHANIZED_INFANTRY, 100, 95, -10, 2, 0, 25
268, 5, 7, 1:1, 38993971:2686992, UNIT_JET_BOMBER, UNIT_ARCHER, 100, 32, -14, 6, 0, 100
268, 6, 4, 1:1, 35061868:28967015, UNIT_MECHANIZED_INFANTRY, UNIT_MODERN_ARMOR, 102, 107, 17, 4, 17, 43
268, 6, 2, 3:1, 2555940:22610000, DISTRICT_ENCAMPMENT, DISTRICT_ENCAMPMENT, 102, 90, 3, 3, 0, 56
268, 6, 4, 3:1, 5439566:18743377, DISTRICT_ENCAMPMENT, DISTRICT_ENCAMPMENT, 102, 102, 2, 6, 0, 22
268, 6, 4, 3:1, 2949161:28967015, DISTRICT_CITY_CENTER, DISTRICT_CITY_CENTER, 102, 107, 3, -5, 0, 39
268, 6, 4, 3:1, 3932215:24117260, DISTRICT_ENCAMPMENT, DISTRICT_ENCAMPMENT, 102, 100, 2, 6, 0, 28
268, 6, 2, 3:1, 393221:22610000, DISTRICT_CITY_CENTER, DISTRICT_CITY_CENTER, 102, 90, 3, -3, 0, 50
268, 6, 4, 3:1, 2490403:16384070, DISTRICT_CITY_CENTER, DISTRICT_CITY_CENTER, 102, 95, 3, -5, 0, 60
268, 6, 4, 3:1, 2228256:21758020, DISTRICT_CITY_CENTER, DISTRICT_CITY_CENTER, 102, 97, 3, 0, 0, 35
268, 6, 4, 3:1, 2818085:21758020, DISTRICT_ENCAMPMENT, DISTRICT_ENCAMPMENT, 102, 97, 3, -3, 0, 47
268, 14, 6, 3:1, 131073:35127405, DISTRICT_ENCAMPMENT, DISTRICT_ENCAMPMENT, 50, 45, 0, 6, 0, 33
269, 2, 6, 1:1, 19398699:34996331, UNIT_NUCLEAR_SUBMARINE, UNIT_MISSILE_CRUISER, 102, 87, 7, -5, 0, 85
269, 4, 6, 1:1, 19005443:35127405, UNIT_MACHINE_GUN, UNIT_RANGER, 75, 45, 7, 3, 0, 100
269, 4, 6, 1:3, 18743377:5439566, UNIT_MECHANIZED_INFANTRY, UNKNOWN, 102, 97, 5, 15, 38, 2
269, 4, 6, 1:3, 24117260:3932215, UNIT_MODERN_ARMOR, UNKNOWN, 100, 97, 4, 17, 44, 3
269, 4, 6, 1:3, 25493550:3932215, UNIT_MODERN_ARMOR, UNKNOWN, 90, 97, 7, 17, 48, 2
269, 4, 6, 1:1, 16842768:36765749, UNIT_MECHANIZED_INFANTRY, UNIT_MECHANIZED_INFANTRY, 95, 85, 4, 20, 41, 26
269, 4, 6, 3:1, 4128826:27394137, DISTRICT_ENCAMPMENT, DISTRICT_ENCAMPMENT, 102, 95, 3, -3, 0, 45
269, 4, 6, 3:1, 3211308:35651630, DISTRICT_CITY_CENTER, DISTRICT_CITY_CENTER, 102, 102, 3, 3, 0, 30
269, 6, 4, 1:1, 34078750:31653986, UNIT_MODERN_AT, UNIT_MODERN_ARMOR, 80, 107, 17, 5, 57, 16
269, 6, 4, 1:1, 35061868:24117260, UNIT_MECHANIZED_INFANTRY, UNIT_MODERN_ARMOR, 102, 100, 17, -1, 12, 65
269, 6, 4, 1:1, 36765749:16842768, UNIT_MECHANIZED_INFANTRY, UNIT_MECHANIZED_INFANTRY, 85, 95, 14, 4, 31, 28
269, 6, 2, 3:1, 2555940:18350112, DISTRICT_ENCAMPMENT, DISTRICT_ENCAMPMENT, 102, 102, 3, 1, 0, 28
269, 6, 4, 3:1, 5439566:18743377, DISTRICT_ENCAMPMENT, DISTRICT_ENCAMPMENT, 102, 102, 2, 0, 0, 31
269, 6, 4, 3:1, 3932215:25493550, DISTRICT_ENCAMPMENT, DISTRICT_ENCAMPMENT, 102, 90, 2, -2, 0, 47
269, 6, 4, 3:1, 2228256:20119576, DISTRICT_CITY_CENTER, DISTRICT_CITY_CENTER, 102, 97, 3, 8, 0, 28
269, 6, 5, 1:1, 35782671:38666294, UNIT_APOSTLE, UNIT_MISSIONARY, 110, 100, 28, 3, 6, 100
269, 14, 6, 3:1, 131073:33226832, DISTRICT_ENCAMPMENT, DISTRICT_ENCAMPMENT, 50, 85, 0, 13, 0, 4
270, 1, 4, 1:3, 25624662:131073, UNIT_MODERN_ARMOR, UNKNOWN, 107, 97, 0, 17, 33, 1
270, 1, 4, 1:3, 19595266:131073, UNIT_MODERN_ARMOR, UNKNOWN, 107, 97, 0, 17, 41, 1
270, 2, 6, 1:1, 19595305:36765749, UNIT_MECHANIZED_INFANTRY, UNIT_MECHANIZED_INFANTRY, 102, 85, 9, 14, 17, 42
270, 2, 6, 1:1, 22085696:27131943, UNIT_MECHANIZED_INFANTRY, UNIT_MECHANIZED_INFANTRY, 102, 85, 9, 20, 24, 44
270, 2, 6, 1:1, 17498134:36765749, UNIT_JET_BOMBER, UNIT_MECHANIZED_INFANTRY, 100, 85, 2, 6, 0, 53
270, 2, -1, 1:0, 22741049:-1, UNIT_JET_BOMBER, UNKNOWN, 70, 85, 0, 6, 0, 0
270, 4, 1, 1:1, 33685607:23658572, UNIT_MACHINE_GUN, UNIT_MODERN_ARMOR, 75, 107, 7, -2, 0, 11
270, 4, 6, 1:1, 19005443:35651630, UNIT_MACHINE_GUN, UNIT_MECHANIZED_INFANTRY, 75, 102, 7, 3, 0, 14
270, 4, 6, 1:1, 17498190:35651630, UNIT_MECHANIZED_INFANTRY, UNIT_MECHANIZED_INFANTRY, 95, 102, 20, 2, 20, 47
270, 4, 6, 1:3, 18743377:5439566, UNIT_MECHANIZED_INFANTRY, UNKNOWN, 102, 97, -2, 15, 54, 2
270, 4, 6, 1:3, 25493550:3932215, UNIT_MODERN_ARMOR, UNKNOWN, 90, 97, -2, 17, 81, 2
270, 4, 1, 3:1, 655369:23658572, DISTRICT_ENCAMPMENT, DISTRICT_ENCAMPMENT, 102, 107, 3, -3, 0, 26
270, 4, 1, 3:1, 131073:23658572, DISTRICT_CITY_CENTER, DISTRICT_CITY_CENTER, 102, 107, 3, -6, 0, 39
270, 5, 4, 1:1, 38797408:25165866, UNIT_NUCLEAR_SUBMARINE, UNIT_NUCLEAR_SUBMARINE, 102, 97, 3, 3, 0, 29
270, 5, 4, 1:1, 34799639:25165866, UNIT_NUCLEAR_SUBMARINE, UNIT_NUCLEAR_SUBMARINE, 102, 97, 3, 0, 0, 42
270, 5, -1, 1:0, 42926158:-1, UNIT_NUCLEAR_SUBMARINE, UNKNOWN, -24576, 22320, 15577, 583, 0, 0
270, 5, -1, 1:0, 32768107:-1, UNIT_NUCLEAR_SUBMARINE, UNKNOWN, -24576, 22320, 15577, 583, 0, 0
270, 5, -1, 1:0, 32505959:-1, UNIT_NUCLEAR_SUBMARINE, UNKNOWN, -24576, 22320, 15577, 583, 0, 0
270, 5, 4, 1:1, 36765791:25165866, UNIT_NUCLEAR_SUBMARINE, UNIT_NUCLEAR_SUBMARINE, 102, 97, 3, -4, 0, 56
270, 6, 4, 1:1, 35651630:19005443, UNIT_MECHANIZED_INFANTRY, UNIT_MACHINE_GUN, 102, 65, -1, 9, 11, 69
270, 6, 4, 1:1, 35061868:31653986, UNIT_MECHANIZED_INFANTRY, UNIT_MODERN_ARMOR, 102, 107, 16, 0, 21, 49
270, 6, 4, 1:1, 31981663:31653986, UNIT_MECHANIZED_INFANTRY, UNIT_MODERN_ARMOR, 85, 107, 19, -5, 32, 36
270, 6, 2, 1:1, 27131943:22413335, UNIT_MECHANIZED_INFANTRY, UNIT_MECHANIZED_INFANTRY, 85, 102, 25, 4, 30, 36
270, 6, 4, 3:1, 2555940:19333191, DISTRICT_ENCAMPMENT, DISTRICT_ENCAMPMENT, 102, 77, 3, 3, 0, 77
270, 6, 2, 3:1, 3735604:22151224, DISTRICT_CITY_CENTER, DISTRICT_CITY_CENTER, 102, 85, 3, 5, 0, 58
270, 6, 2, 3:1, 2490403:22085696, DISTRICT_CITY_CENTER, DISTRICT_CITY_CENTER, 102, 102, 3, 1, 0, 35
270, 7, -1, 1:0, 27721789:-1, UNIT_NUCLEAR_SUBMARINE, UNKNOWN, 26290, 22320, 10931, 583, 0, 0
270, 7, 5, 1:1, 32047223:36569102, UNIT_MACHINE_GUN, UNIT_NUCLEAR_SUBMARINE, 92, 97, 3, -1, 0, 30
270, 14, 6, 3:1, 131073:33226832, DISTRICT_ENCAMPMENT, DISTRICT_ENCAMPMENT, 50, 85, 0, 6, 0, 5
271, 2, 6, 1:1, 17498134:27131943, UNIT_JET_BOMBER, UNIT_MECHANIZED_INFANTRY, 100, 85, 2, 9, 0, 39
271, 4, 6, 1:1, 19005443:28704844, UNIT_MACHINE_GUN, UNIT_MECHANIZED_INFANTRY, 75, 85, 0, 1, 0, 22
271, 4, 6, 1:1, 34406442:28704844, UNIT_MECHANIZED_INFANTRY, UNIT_MECHANIZED_INFANTRY, 85, 85, 11, 3, 23, 44
271, 4, 6, 1:1, 17498190:28704844, UNIT_MECHANIZED_INFANTRY, UNIT_MECHANIZED_INFANTRY, 95, 85, 16, -1, 10, 82
271, 4, 6, 1:3, 17563725:3932215, UNIT_MECHANIZED_INFANTRY, UNKNOWN, 102, 97, 7, 17, 30, 4
271, 4, 6, 3:1, 3211308:35651630, DISTRICT_CITY_CENTER, DISTRICT_CITY_CENTER, 102, 102, 3, -4, 0, 41
271, 4, 6, 1:3, 31391858:2228256, UNIT_NUCLEAR_SUBMARINE, UNKNOWN, 102, 97, 12, 19, 0, 1
271, 4, 6, 1:3, 20119576:2228256, UNIT_NUCLEAR_SUBMARINE, UNKNOWN, 102, 97, 4, 19, 0, 2
271, 6, 4, 1:1, 32768098:17498190, UNIT_MECHANIZED_INFANTRY, UNIT_MECHANIZED_INFANTRY, 85, 95, 15, 4, 27, 33
271, 6, 4, 1:1, 33226832:17498190, UNIT_MECHANIZED_INFANTRY, UNIT_MECHANIZED_INFANTRY, 85, 95, 4, 1, 39, 18
271, 6, 4, 1:1, 31981663:17563725, UNIT_MECHANIZED_INFANTRY, UNIT_MECHANIZED_INFANTRY, 85, 102, 2, 0, 43, 14
271, 6, 4, 1:1, 35061868:17563725, UNIT_MECHANIZED_INFANTRY, UNIT_MECHANIZED_INFANTRY, 102, 102, 0, -1, 33, 27
271, 6, 2, 3:1, 65536:20119625, DISTRICT_CITY_CENTER, DISTRICT_CITY_CENTER, 102, 85, 3, 6, 0, 43
271, 6, 2, 3:1, 196610:22085696, DISTRICT_CITY_CENTER, DISTRICT_CITY_CENTER, 102, 102, 3, -3, 0, 30
271, 6, 4, 3:1, 2555940:19333191, DISTRICT_ENCAMPMENT, DISTRICT_ENCAMPMENT, 102, 77, 3, -2, 0, 92
271, 6, 4, 3:1, 3932215:17563725, DISTRICT_ENCAMPMENT, DISTRICT_ENCAMPMENT, 102, 102, 1, -4, 0, 41
271, 6, 2, 3:1, 2490403:19595305, DISTRICT_CITY_CENTER, DISTRICT_CITY_CENTER, 102, 102, 3, 1, 0, 29
271, 6, 4, 3:1, 2228256:31391858, DISTRICT_CITY_CENTER, DISTRICT_CITY_CENTER, 102, 97, 2, 8, 0, 28
271, 7, -1, 1:0, 27721789:-1, UNIT_NUCLEAR_SUBMARINE, UNKNOWN, 26290, 22320, 10931, 583, 0, 0
271, 7, -1, 1:0, 26804301:-1, UNIT_JET_BOMBER, UNKNOWN, 70, 22320, -9808, 583, 0, 0
271, 14, 6, 3:1, 65536:29032538, DISTRICT_CITY_CENTER, DISTRICT_CITY_CENTER, 50, 70, 0, 3, 0, 12
271, 14, 6, 3:1, 131073:29032538, DISTRICT_ENCAMPMENT, DISTRICT_ENCAMPMENT, 50, 70, 0, 2, 0, 11
272, 0, 7, 1:1, 10158114:35389506, UNIT_APOSTLE, UNIT_MISSIONARY, 110, 100, -9, 15, 52, 19
272, 1, 4, 1:3, 16580621:131073, UNIT_MODERN_ARMOR, UNKNOWN, 107, 97, 3, 17, 33, 1
272, 1, 4, 1:1, 25624662:33685607, UNIT_MODERN_ARMOR, UNIT_MACHINE_GUN, 107, 65, 7, 5, 6, 100
272, 2, 6, 1:1, 17498134:37355613, UNIT_JET_BOMBER, UNIT_MECHANIZED_INFANTRY, 100, 85, -2, 13, 0, 32
272, 2, 6, 1:1, 22741049:37355613, UNIT_JET_BOMBER, UNIT_MECHANIZED_INFANTRY, 100, 85, -14, 10, 0, 25
272, 2, 6, 1:1, 21102650:37355613, UNIT_JET_BOMBER, UNIT_MECHANIZED_INFANTRY, 100, 85, -14, 7, 0, 23
272, 2, 6, 1:1, 20185150:37355613, UNIT_JET_BOMBER, UNIT_MECHANIZED_INFANTRY, 100, 85, -14, 5, 0, 23
272, 2, -1, 1:0, 20709439:-1, UNIT_JET_BOMBER, UNKNOWN, 70, 85, 0, 5, 0, 0
272, 4, 1, 3:1, 655369:25493581, DISTRICT_ENCAMPMENT, DISTRICT_ENCAMPMENT, 102, 107, 3, 3, 0, 21
272, 4, 1, 3:1, 131073:25493581, DISTRICT_CITY_CENTER, DISTRICT_CITY_CENTER, 102, 107, 3, 1, 0, 22
272, 4, 5, 3:1, 2687013:26869853, DISTRICT_ENCAMPMENT, DISTRICT_ENCAMPMENT, 102, 102, 3, 6, 0, 29
272, 5, 7, 1:1, 33751042:27983917, UNIT_NUCLEAR_SUBMARINE, UNIT_MACHINE_GUN, 95, 65, 3, 6, 0, 75
272, 5, 7, 1:1, 39125103:27983917, UNIT_JET_BOMBER, UNIT_MACHINE_GUN, 100, 65, -14, -1, 0, 84
272, 6, 2, 3:1, 65536:18350112, DISTRICT_CITY_CENTER, DISTRICT_CITY_CENTER, 102, 102, 3, 8, 0, 21
272, 6, 2, 3:1, 196610:22085696, DISTRICT_CITY_CENTER, DISTRICT_CITY_CENTER, 102, 102, 3, 5, 0, 31
272, 6, 2, 3:1, 2555940:22806542, DISTRICT_ENCAMPMENT, DISTRICT_ENCAMPMENT, 102, 90, 3, 9, 0, 35
272, 6, 2, 3:1, 1638424:19595305, DISTRICT_CITY_CENTER, DISTRICT_CITY_CENTER, 102, 102, 3, 7, 0, 23
272, 7, -1, 1:0, 27721789:-1, UNIT_NUCLEAR_SUBMARINE, UNKNOWN, 26290, 22320, 10931, 583, 0, 0
273, 1, 4, 1:1, 26673249:31850588, UNIT_MODERN_ARMOR, UNIT_MODERN_ARMOR, 107, 107, 2, 10, 38, 18
273, 2, 6, 3:1, 2424866:34013225, DISTRICT_CITY_CENTER, DISTRICT_CITY_CENTER, 102, 70, 3, 3, 0, 100
273, 4, 1, 1:1, 31850588:28049427, UNIT_MODERN_ARMOR, UNIT_RANGER, 107, 45, 7, 5, 3, 100
273, 4, 1, 3:1, 65536:27787338, DISTRICT_CITY_CENTER, DISTRICT_CITY_CENTER, 102, 45, 3, 3, 0, 100
273, 4, 1, 3:1, 131073:26673249, DISTRICT_CITY_CENTER, DISTRICT_CITY_CENTER, 102, 107, 3, 3, 0, 27
273, 4, 63, 3:1, 2293791:16646397, DISTRICT_CITY_CENTER, DISTRICT_CITY_CENTER, 102, 90, 3, 0, 0, 52
273, 4, 63, 3:1, 3932215:16646397, DISTRICT_ENCAMPMENT, DISTRICT_ENCAMPMENT, 102, 90, 3, -5, 0, 70
273, 4, 1, 1:1, 27197531:25493581, UNIT_NUCLEAR_SUBMARINE, UNIT_MODERN_ARMOR, 102, 107, 7, -1, 0, 28
273, 4, 1, 1:1, 25231367:25493581, UNIT_NUCLEAR_SUBMARINE, UNIT_MODERN_ARMOR, 102, 107, 7, -4, 0, 34
273, 5, 7, 1:1, 44105757:23658595, UNIT_NUCLEAR_SUBMARINE, UNIT_ARTILLERY, 85, 70, 8, 6, 0, 56
273, 5, -1, 1:0, 38993971:-1, UNIT_JET_BOMBER, UNKNOWN, 70, -24504, -9808, 15577, 0, 0
273, 5, 7, 1:1, 33751042:23658595, UNIT_NUCLEAR_SUBMARINE, UNIT_ARTILLERY, 95, 70, 3, 0, 0, 79
273, 6, 2, 1:1, 33685606:22806542, UNIT_MODERN_ARMOR, UNIT_MODERN_ARMOR, 107, 90, 12, 9, 15, 77
273, 6, 2, 3:1, 196610:22085696, DISTRICT_CITY_CENTER, DISTRICT_CITY_CENTER, 102, 102, 3, 3, 0, 24
273, 6, 2, 3:1, 3735604:22151224, DISTRICT_CITY_CENTER, DISTRICT_CITY_CENTER, 102, 85, 3, 3, 0, 50
273, 6, 2, 3:1, 1638424:19595305, DISTRICT_CITY_CENTER, DISTRICT_CITY_CENTER, 102, 102, 3, 10, 0, 23
273, 6, 2, 3:1, 2490403:18350112, DISTRICT_CITY_CENTER, DISTRICT_CITY_CENTER, 102, 102, 3, 3, 0, 35
273, 7, 5, 1:1, 32047223:33751042, UNIT_MACHINE_GUN, UNIT_NUCLEAR_SUBMARINE, 92, 90, 3, 3, 0, 34
273, 63, 4, 1:1, 16580860:17825852, UNIT_MODERN_ARMOR, UNIT_ARTILLERY, 90, 70, 0, 5, 17, 50
274, 1, -1, 1:0, 16121857:-1, UNIT_JET_BOMBER, UNKNOWN, 70, 0, 0, 0, 0, 0
274, 1, -1, 1:0, 16187400:-1, UNIT_JET_BOMBER, UNKNOWN, 70, 0, 0, 0, 0, 0
274, 1, -1, 1:0, 15990795:-1, UNIT_JET_BOMBER, UNKNOWN, 70, 0, 0, 0, 0, 0
274, 1, -1, 1:0, 18219023:-1, UNIT_JET_BOMBER, UNKNOWN, 70, 0, 0, 0, 0, 0
274, 1, -1, 1:0, 27066401:-1, UNIT_JET_BOMBER, UNKNOWN, 70, 0, 0, 0, 0, 0
274, 1, -1, 1:0, 16252962:-1, UNIT_JET_BOMBER, UNKNOWN, 70, 0, 0, 0, 0, 0
274, 1, -1, 1:0, 15728675:-1, UNIT_JET_BOMBER, UNKNOWN, 70, 0, 0, 0, 0, 0
274, 1, -1, 1:0, 16318509:-1, UNIT_JET_BOMBER, UNKNOWN, 70, 0, 0, 0, 0, 0
274, 1, -1, 1:0, 20578351:-1, UNIT_JET_BOMBER, UNKNOWN, 70, 0, 0, 0, 0, 0
274, 1, -1, 1:0, 18874420:-1, UNIT_JET_BOMBER, UNKNOWN, 70, 0, -9808, 0, 0, 0
274, 1, -1, 1:0, 19791927:-1, UNIT_JET_BOMBER, UNKNOWN, 70, 0, 0, 0, 0, 0
274, 1, -1, 1:0, 21561400:-1, UNIT_JET_BOMBER, UNKNOWN, 70, 0, 0, 0, 0, 0
274, 1, -1, 1:0, 20185148:-1, UNIT_JET_BOMBER, UNKNOWN, 70, 0, 0, 0, 0, 0
274, 1, -1, 1:0, 20774974:-1, UNIT_JET_BOMBER, UNKNOWN, 70, 0, 0, 0, 0, 0
274, 1, -1, 1:0, 20840511:-1, UNIT_JET_BOMBER, UNKNOWN, 70, 0, 0, 0, 0, 0
274, 1, -1, 1:0, 24182851:-1, UNIT_JET_BOMBER, UNKNOWN, 70, 0, 0, 0, 0, 0
274, 1, -1, 1:0, 23527494:-1, UNIT_JET_BOMBER, UNKNOWN, 70, 0, 0, 0, 0, 0
274, 1, -1, 1:0, 23199816:-1, UNIT_JET_BOMBER, UNKNOWN, 70, 0, 0, 0, 0, 0
274, 1, -1, 1:0, 23593035:-1, UNIT_JET_BOMBER, UNKNOWN, 70, 0, 0, 0, 0, 0
274, 1, -1, 1:0, 24445007:-1, UNIT_JET_BOMBER, UNKNOWN, 70, 0, 0, 0, 0, 0
274, 1, -1, 1:0, 24641619:-1, UNIT_JET_BOMBER, UNKNOWN, 70, 0, 0, 0, 0, 0
274, 1, -1, 1:0, 24707156:-1, UNIT_JET_BOMBER, UNKNOWN, 70, 0, 0, 0, 0, 0
274, 1, -1, 1:0, 25296981:-1, UNIT_JET_BOMBER, UNKNOWN, 70, 0, 0, 0, 0, 0
274, 1, -1, 1:0, 24969303:-1, UNIT_JET_BOMBER, UNKNOWN, 70, 0, 0, 0, 0, 0
274, 1, -1, 1:0, 25362521:-1, UNIT_JET_BOMBER, UNKNOWN, 70, 0, 0, 0, 0, 0
274, 1, -1, 1:0, 25559130:-1, UNIT_JET_BOMBER, UNKNOWN, 70, 0, 0, 0, 0, 0
274, 1, -1, 1:0, 25690203:-1, UNIT_JET_BOMBER, UNKNOWN, 70, 0, 0, 0, 0, 0
274, 1, -1, 1:0, 25821277:-1, UNIT_JET_BOMBER, UNKNOWN, 70, 0, 0, 0, 0, 0
274, 2, 6, 1:1, 17498134:38404197, UNIT_JET_BOMBER, UNIT_MECHANIZED_INFANTRY, 100, 102, -2, 13, 0, 16
274, 2, 6, 1:1, 22741049:38404197, UNIT_JET_BOMBER, UNIT_MECHANIZED_INFANTRY, 100, 102, -14, 11, 0, 11
274, 2, 6, 1:1, 21102650:38404197, UNIT_JET_BOMBER, UNIT_MECHANIZED_INFANTRY, 100, 102, -14, 10, 0, 11
274, 2, 6, 1:1, 20185150:38404197, UNIT_JET_BOMBER, UNIT_MECHANIZED_INFANTRY, 100, 102, -14, 9, 0, 13
274, 2, 6, 1:1, 20709439:38404197, UNIT_JET_BOMBER, UNIT_MECHANIZED_INFANTRY, 100, 102, -14, 8, 0, 11
274, 2, 6, 1:1, 17301570:38404197, UNIT_JET_BOMBER, UNIT_MECHANIZED_INFANTRY, 100, 102, -14, 7, 0, 13
274, 2, 6, 1:1, 17367107:38404197, UNIT_JET_BOMBER, UNIT_MECHANIZED_INFANTRY, 100, 102, -14, 6, 0, 14
274, 2, 6, 1:1, 19202118:38404197, UNIT_JET_BOMBER, UNIT_MECHANIZED_INFANTRY, 100, 102, -14, 4, 0, 15
274, 2, -1, 1:0, 20054088:-1, UNIT_JET_BOMBER, UNKNOWN, 70, 102, 0, 4, 0, 0
274, 4, 63, 1:1, 19726390:16908545, UNIT_MECHANIZED_INFANTRY, UNIT_MACHINE_GUN, 102, 65, 9, 5, 5, 100
274, 4, 63, 1:1, 27131994:16580860, UNIT_MODERN_ARMOR, UNIT_MODERN_ARMOR, 107, 90, 9, -2, 9, 94
274, 4, 63, 3:1, 1376273:16843008, DISTRICT_CITY_CENTER, DISTRICT_CITY_CENTER, 102, 90, 3, 0, 0, 61
274, 4, 63, 3:1, 2949160:16843008, DISTRICT_ENCAMPMENT, DISTRICT_ENCAMPMENT, 102, 90, 3, -6, 0, 68
274, 5, 7, 1:1, 44105757:35848200, UNIT_NUCLEAR_SUBMARINE, UNIT_MECHANIZED_INFANTRY, 85, 95, 3, 6, 0, 16
274, 5, 7, 1:1, 36569102:32047223, UNIT_NUCLEAR_SUBMARINE, UNIT_MACHINE_GUN, 102, 82, 3, 6, 0, 47
274, 5, 7, 1:1, 33751042:32047223, UNIT_NUCLEAR_SUBMARINE, UNIT_MACHINE_GUN, 95, 82, 0, 1, 0, 53
274, 6, 63, 1:1, 28049453:16777471, UNIT_MECHANIZED_INFANTRY, UNIT_MODERN_ARMOR, 85, 90, 3, 2, 41, 27
274, 6, 2, 1:1, 35061868:22085696, UNIT_MECHANIZED_INFANTRY, UNIT_MECHANIZED_INFANTRY, 102, 102, 8, 4, 22, 31
274, 6, 2, 1:1, 33685606:19595305, UNIT_MODERN_ARMOR, UNIT_MECHANIZED_INFANTRY, 107, 102, 11, 11, 27, 32
274, 6, 2, 3:1, 196610:18350112, DISTRICT_CITY_CENTER, DISTRICT_CITY_CENTER, 102, 102, 3, 2, 0, 29
274, 6, 63, 3:1, 3932215:16777471, DISTRICT_ENCAMPMENT, DISTRICT_ENCAMPMENT, 102, 90, 1, -3, 0, 49
274, 6, 2, 3:1, 1638424:19595305, DISTRICT_CITY_CENTER, DISTRICT_CITY_CENTER, 102, 102, 3, 6, 0, 28
274, 7, -1, 1:0, 26607629:-1, UNIT_JET_BOMBER, UNKNOWN, 70, -23936, -9808, 15577, 0, 0
274, 7, -1, 1:0, 26148888:-1, UNIT_JET_BOMBER, UNKNOWN, 70, -23936, -9808, 15577, 0, 0
274, 7, -1, 1:0, 26738730:-1, UNIT_JET_BOMBER, UNKNOWN, 70, -23936, -9808, 15577, 0, 0
274, 7, -1, 1:0, 26083371:-1, UNIT_JET_BOMBER, UNKNOWN, 70, -23936, -9808, 15577, 0, 0
274, 7, -1, 1:0, 26935343:-1, UNIT_JET_BOMBER, UNKNOWN, 70, -23936, -9808, 15577, 0, 0
274, 7, -1, 1:0, 27459641:-1, UNIT_JET_BOMBER, UNKNOWN, 70, -23936, -9808, 15577, 0, 0
274, 7, -1, 1:0, 26869824:-1, UNIT_JET_BOMBER, UNKNOWN, 70, -23936, -9808, 15577, 0, 0
274, 7, -1, 1:0, 27066450:-1, UNIT_JET_BOMBER, UNKNOWN, 70, -23936, -9808, 15577, 0, 0
274, 7, -1, 1:0, 29491293:-1, UNIT_JET_BOMBER, UNKNOWN, 70, -23936, -9808, 15577, 0, 0
274, 7, -1, 1:0, 35192950:-1, UNIT_JET_BOMBER, UNKNOWN, 70, -23936, -9808, 15577, 0, 0
275, 2, 6, 1:1, 20119625:37552217, UNIT_MECHANIZED_INFANTRY, UNIT_MECHANIZED_INFANTRY, 85, 85, 3, 18, 49, 18
275, 2, 6, 1:1, 22413335:37552217, UNIT_MECHANIZED_INFANTRY, UNIT_MECHANIZED_INFANTRY, 102, 85, 7, 11, 20, 39
275, 2, 6, 3:1, 655369:37552217, DISTRICT_ENCAMPMENT, DISTRICT_ENCAMPMENT, 102, 85, 3, 7, 0, 46
275, 2, -1, 1:0, 17498134:-1, UNIT_JET_BOMBER, UNKNOWN, 70, 0, 0, 0, 0, 0
275, 4, 63, 1:1, 19726390:16777471, UNIT_MECHANIZED_INFANTRY, UNIT_MODERN_ARMOR, 102, 90, 9, -8, 9, 99
275, 4, 63, 1:1, 34340910:16711934, UNIT_MODERN_ARMOR, UNIT_MODERN_ARMOR, 107, 90, 9, 0, 12, 83
275, 4, 63, 3:1, 786442:16974082, DISTRICT_CITY_CENTER, DISTRICT_CITY_CENTER, 102, 90, 3, -2, 0, 54
275, 4, 63, 3:1, 1769495:16974082, DISTRICT_ENCAMPMENT, DISTRICT_ENCAMPMENT, 102, 90, 3, -7, 0, 60
275, 5, 63, 1:1, 40304732:17039619, UNIT_JET_BOMBER, UNIT_MODERN_ARMOR, 100, 90, -14, 0, 0, 24
275, 5, 63, 1:1, 39256177:17039619, UNIT_JET_BOMBER, UNIT_MODERN_ARMOR, 100, 90, -14, -2, 0, 33
275, 6, 2, 1:1, 26673188:19595305, UNIT_MECHANIZED_INFANTRY, UNIT_MECHANIZED_INFANTRY, 102, 102, 17, 1, 13, 58
275, 6, 2, 3:1, 2555940:20119625, DISTRICT_ENCAMPMENT, DISTRICT_ENCAMPMENT, 102, 85, 3, 0, 0, 66
275, 6, 2, 3:1, 917517:21889073, DISTRICT_ENCAMPMENT, DISTRICT_ENCAMPMENT, 102, 85, 3, 9, 0, 38
276, 1, 63, 1:1, 16187400:16711934, UNIT_JET_BOMBER, UNIT_MODERN_ARMOR, 100, 90, -14, -8, 0, 34
276, 1, 63, 1:1, 22937612:17039619, UNIT_JET_BOMBER, UNIT_MODERN_ARMOR, 100, 90, -14, -6, 0, 30
276, 1, 63, 1:1, 22675497:17039619, UNIT_JET_BOMBER, UNIT_MODERN_ARMOR, 100, 90, -14, -9, 0, 38
276, 1, -1, 1:0, 20578351:-1, UNIT_JET_BOMBER, UNKNOWN, 70, 90, -9808, -9, 0, 0
276, 1, -1, 1:0, 20185148:-1, UNIT_JET_BOMBER, UNKNOWN, 70, 90, -9808, -9, 0, 0
276, 1, -1, 1:0, 20774974:-1, UNIT_JET_BOMBER, UNKNOWN, 70, 90, -9808, -9, 0, 0
276, 1, -1, 1:0, 23527494:-1, UNIT_JET_BOMBER, UNKNOWN, 70, 90, -9808, -9, 0, 0
276, 1, -1, 1:0, 24641619:-1, UNIT_JET_BOMBER, UNKNOWN, 70, 90, -9808, -9, 0, 0
276, 1, -1, 1:0, 24707156:-1, UNIT_JET_BOMBER, UNKNOWN, 70, 90, -9808, -9, 0, 0
276, 1, -1, 1:0, 25296981:-1, UNIT_JET_BOMBER, UNKNOWN, 70, 90, -9808, -9, 0, 0
276, 1, -1, 1:0, 24969303:-1, UNIT_JET_BOMBER, UNKNOWN, 70, 90, -9808, -9, 0, 0
276, 1, -1, 1:0, 25559130:-1, UNIT_JET_BOMBER, UNKNOWN, 70, 90, -9808, -9, 0, 0
276, 1, -1, 1:0, 25690203:-1, UNIT_JET_BOMBER, UNKNOWN, 70, 90, -9808, -9, 0, 0
276, 2, 6, 1:1, 20709439:38993953, UNIT_JET_BOMBER, UNIT_MISSILE_CRUISER, 100, 90, -7, 13, 37, 20
276, 2, 6, 1:1, 17301570:38993953, UNIT_JET_BOMBER, UNIT_MISSILE_CRUISER, 100, 90, -7, 11, 41, 22
276, 2, 6, 1:1, 17367107:38993953, UNIT_JET_BOMBER, UNIT_MISSILE_CRUISER, 100, 90, -7, 9, 41, 25
276, 2, 6, 1:1, 19202118:38993953, UNIT_JET_BOMBER, UNIT_MISSILE_CRUISER, 100, 90, -14, 6, 40, 20
276, 2, 6, 1:1, 20054088:38993953, UNIT_JET_BOMBER, UNIT_MISSILE_CRUISER, 100, 90, -14, 4, 46, 19
276, 2, -1, 1:0, 20316235:-1, UNIT_JET_BOMBER, UNKNOWN, 70, 90, 0, 4, 0, 0
276, 2, -1, 1:0, 20447309:-1, UNIT_JET_BOMBER, UNKNOWN, 70, 90, 0, 4, 0, 0
276, 6, 2, 3:1, 2555940:22413335, DISTRICT_ENCAMPMENT, DISTRICT_ENCAMPMENT, 102, 102, 3, 7, 0, 22
277, 6, 2, 3:1, 1310739:23265312, DISTRICT_ENCAMPMENT, DISTRICT_ENCAMPMENT, 102, 80, 3, 3, 0, 83
277, 6, 2, 3:1, 2555940:21889073, DISTRICT_ENCAMPMENT, DISTRICT_ENCAMPMENT, 102, 85, 3, 5, 0, 51
